File,training set,y,x
img_ext000.tif,train,4.0,10.0
img_ext000.tif,train,10.0,38.0
img_ext000.tif,train,12.0,27.0
img_ext000.tif,train,13.0,53.0
img_ext000.tif,train,13.0,68.0
img_ext000.tif,train,23.0,63.0
img_ext000.tif,train,23.0,41.0
img_ext000.tif,train,25.0,15.0
img_ext000.tif,train,33.0,51.0
img_ext000.tif,train,41.0,34.0
img_ext001.tif,train,6.0,111.0
img_ext001.tif,train,19.0,90.0
img_ext001.tif,train,31.0,101.0
img_ext001.tif,train,34.0,88.0
img_ext001.tif,train,40.0,110.0
img_ext001.tif,train,42.0,95.0
img_ext001.tif,train,47.0,121.0
img_ext001.tif,train,53.0,103.0
img_ext001.tif,train,58.0,76.0
img_ext001.tif,train,59.0,114.0
img_ext001.tif,train,63.0,108.0
img_ext001.tif,train,64.0,122.0
img_ext001.tif,train,65.0,88.0
img_ext001.tif,train,70.0,118.0
img_ext001.tif,train,74.0,109.0
img_ext001.tif,train,77.0,95.0
img_ext001.tif,train,83.0,85.0
img_ext001.tif,train,86.0,115.0
img_ext001.tif,train,90.0,102.0
img_ext001.tif,train,93.0,87.0
img_ext001.tif,train,100.0,109.0
img_ext001.tif,train,103.0,98.0
img_ext001.tif,train,109.0,116.0
img_ext001.tif,train,111.0,90.0
img_ext001.tif,train,113.0,104.0
img_ext001.tif,train,120.0,118.0
img_ext001.tif,train,122.0,99.0
img_ext002.tif,train,10.0,42.0
img_ext002.tif,train,22.0,38.0
img_ext002.tif,train,32.0,49.0
img_ext002.tif,train,34.0,34.0
img_ext002.tif,train,39.0,12.0
img_ext002.tif,train,52.0,57.0
img_ext002.tif,train,57.0,40.0
img_ext002.tif,train,58.0,69.0
img_ext002.tif,train,59.0,11.0
img_ext002.tif,train,62.0,51.0
img_ext002.tif,train,65.0,21.0
img_ext002.tif,train,68.0,33.0
img_ext002.tif,train,70.0,61.0
img_ext002.tif,train,71.0,16.0
img_ext002.tif,train,75.0,48.0
img_ext002.tif,train,79.0,11.0
img_ext002.tif,train,79.0,24.0
img_ext002.tif,train,81.0,69.0
img_ext002.tif,train,84.0,37.0
img_ext002.tif,train,86.0,78.0
img_ext002.tif,train,88.0,57.0
img_ext002.tif,train,91.0,25.0
img_ext002.tif,train,92.0,11.0
img_ext002.tif,train,95.0,45.0
img_ext002.tif,train,100.0,58.0
img_ext002.tif,train,103.0,35.0
img_ext002.tif,train,104.0,19.0
img_ext002.tif,train,106.0,7.0
img_ext002.tif,train,108.0,46.0
img_ext002.tif,train,114.0,27.0
img_ext002.tif,train,117.0,17.0
img_ext002.tif,train,119.0,40.0
img_ext003.tif,train,70.0,41.0
img_ext003.tif,train,81.0,35.0
img_ext003.tif,train,87.0,68.0
img_ext003.tif,train,89.0,52.0
img_ext003.tif,train,94.0,41.0
img_ext003.tif,train,101.0,69.0
img_ext003.tif,train,107.0,44.0
img_ext003.tif,train,109.0,57.0
img_ext003.tif,train,114.0,10.0
img_ext003.tif,train,121.0,57.0
img_ext004.tif,train,6.0,20.0
img_ext004.tif,train,9.0,5.0
img_ext004.tif,train,16.0,37.0
img_ext004.tif,train,18.0,50.0
img_ext004.tif,train,21.0,7.0
img_ext004.tif,train,24.0,29.0
img_ext004.tif,train,30.0,17.0
img_ext004.tif,train,29.0,42.0
img_ext004.tif,train,36.0,6.0
img_ext004.tif,train,38.0,28.0
img_ext004.tif,train,41.0,40.0
img_ext004.tif,train,46.0,18.0
img_ext004.tif,train,50.0,5.0
img_ext004.tif,train,53.0,28.0
img_ext004.tif,train,58.0,16.0
img_ext004.tif,train,67.0,25.0
img_ext004.tif,train,70.0,12.0
img_ext005.tif,train,12.0,16.0
img_ext005.tif,train,12.0,28.0
img_ext005.tif,train,24.0,9.0
img_ext005.tif,train,30.0,57.0
img_ext005.tif,train,33.0,16.0
img_ext005.tif,train,48.0,17.0
img_ext005.tif,train,56.0,7.0
img_ext005.tif,train,58.0,28.0
img_ext005.tif,train,67.0,19.0
img_ext005.tif,train,78.0,8.0
img_ext005.tif,train,80.0,22.0
img_ext005.tif,train,91.0,9.0
img_ext005.tif,train,92.0,20.0
img_ext005.tif,train,94.0,32.0
img_ext005.tif,train,101.0,6.0
img_ext005.tif,train,103.0,25.0
img_ext005.tif,train,114.0,18.0
img_ext005.tif,train,114.0,33.0
img_ext005.tif,train,114.0,4.0
img_ext006.tif,train,4.0,88.0
img_ext006.tif,train,5.0,59.0
img_ext006.tif,train,10.0,29.0
img_ext006.tif,train,13.624999999999986,45.625
img_ext006.tif,train,12.0,69.0
img_ext006.tif,train,16.0,23.0
img_ext006.tif,train,19.0,58.0
img_ext006.tif,train,20.0,83.0
img_ext006.tif,train,29.0,33.0
img_ext006.tif,train,30.0,50.0
img_ext006.tif,train,33.0,67.0
img_ext006.tif,train,40.0,54.0
img_ext006.tif,train,42.124999999999986,75.5
img_ext006.tif,train,42.0,41.0
img_ext006.tif,train,49.0,89.0
img_ext006.tif,train,52.0,52.0
img_ext006.tif,train,56.0,45.0
img_ext006.tif,train,57.0,101.0
img_ext006.tif,train,61.0,118.0
img_ext006.tif,train,69.0,107.0
img_ext006.tif,train,79.0,66.0
img_ext006.tif,train,80.0,50.0
img_ext006.tif,train,90.0,58.0
img_ext006.tif,train,92.0,71.0
img_ext006.tif,train,95.0,45.0
img_ext006.tif,train,98.0,67.0
img_ext006.tif,train,105.0,56.0
img_ext006.tif,train,107.0,43.0
img_ext006.tif,train,111.0,26.0
img_ext006.tif,train,118.0,37.0
img_ext006.tif,train,122.0,52.0
img_ext007.tif,train,7.0,74.0
img_ext007.tif,train,13.0,34.0
img_ext007.tif,train,23.0,5.0
img_ext007.tif,train,22.0,26.0
img_ext007.tif,train,26.0,39.0
img_ext007.tif,train,26.0,73.0
img_ext007.tif,train,32.0,59.0
img_ext007.tif,train,36.0,27.0
img_ext007.tif,train,38.0,48.0
img_ext007.tif,train,45.0,37.0
img_ext007.tif,train,45.0,60.0
img_ext007.tif,train,47.0,75.0
img_ext007.tif,train,51.0,87.0
img_ext007.tif,train,56.0,11.0
img_ext007.tif,train,57.0,63.0
img_ext007.tif,train,60.0,77.0
img_ext007.tif,train,61.0,109.0
img_ext007.tif,train,64.0,45.0
img_ext007.tif,train,66.0,117.0
img_ext007.tif,train,69.0,32.0
img_ext007.tif,train,70.0,69.0
img_ext007.tif,train,70.0,103.0
img_ext007.tif,train,72.0,91.0
img_ext007.tif,train,75.0,55.0
img_ext007.tif,train,78.0,42.0
img_ext007.tif,train,80.0,115.0
img_ext007.tif,train,82.0,86.0
img_ext007.tif,train,84.0,31.0
img_ext007.tif,train,84.0,105.0
img_ext007.tif,train,86.0,74.0
img_ext007.tif,train,88.0,53.0
img_ext007.tif,train,88.0,20.0
img_ext007.tif,train,91.0,97.0
img_ext007.tif,train,95.0,84.0
img_ext007.tif,train,101.0,52.0
img_ext007.tif,train,104.0,38.0
img_ext007.tif,train,112.0,50.0
img_ext007.tif,train,121.0,58.0
img_ext008.tif,train,6.0,30.0
img_ext008.tif,train,12.0,40.0
img_ext008.tif,train,13.0,4.0
img_ext008.tif,train,16.0,24.0
img_ext008.tif,train,18.0,51.0
img_ext008.tif,train,17.0,107.0
img_ext008.tif,train,23.0,10.0
img_ext008.tif,train,22.0,90.0
img_ext008.tif,train,23.0,38.0
img_ext008.tif,train,29.0,66.0
img_ext008.tif,train,30.0,102.0
img_ext008.tif,train,30.0,48.0
img_ext008.tif,train,35.0,88.0
img_ext008.tif,train,36.0,117.0
img_ext008.tif,train,36.0,37.0
img_ext008.tif,train,37.0,21.0
img_ext008.tif,train,38.0,59.0
img_ext008.tif,train,42.0,10.0
img_ext008.tif,train,41.0,106.0
img_ext008.tif,train,43.0,47.0
img_ext008.tif,train,44.0,80.0
img_ext008.tif,train,45.0,94.0
img_ext008.tif,train,49.0,21.0
img_ext008.tif,train,48.0,34.0
img_ext008.tif,train,49.0,120.0
img_ext008.tif,train,52.0,57.0
img_ext008.tif,train,53.0,106.0
img_ext008.tif,train,56.0,82.0
img_ext008.tif,train,58.0,71.0
img_ext008.tif,train,60.0,28.0
img_ext008.tif,train,60.0,42.0
img_ext008.tif,train,60.0,16.0
img_ext008.tif,train,63.0,115.0
img_ext008.tif,train,66.0,90.0
img_ext008.tif,train,67.0,102.0
img_ext008.tif,train,69.0,5.0
img_ext008.tif,train,71.0,35.0
img_ext008.tif,train,72.0,48.0
img_ext008.tif,train,72.0,67.0
img_ext008.tif,train,74.0,16.0
img_ext008.tif,train,75.0,80.0
img_ext008.tif,train,76.0,101.0
img_ext008.tif,train,80.0,94.0
img_ext008.tif,train,84.0,33.0
img_ext008.tif,train,85.0,46.0
img_ext008.tif,train,87.0,84.0
img_ext008.tif,train,89.0,18.0
img_ext008.tif,train,89.0,58.0
img_ext008.tif,train,90.0,73.0
img_ext008.tif,train,90.0,107.0
img_ext008.tif,train,93.0,118.0
img_ext008.tif,train,96.0,51.0
img_ext008.tif,train,99.0,64.0
img_ext008.tif,train,101.0,28.0
img_ext008.tif,train,104.0,110.0
img_ext008.tif,train,106.0,42.0
img_ext008.tif,train,106.0,123.0
img_ext009.tif,train,4.0,105.0
img_ext009.tif,train,6.0,93.0
img_ext009.tif,train,8.0,82.0
img_ext009.tif,train,9.0,42.0
img_ext009.tif,train,13.0,65.0
img_ext009.tif,train,16.0,100.0
img_ext009.tif,train,20.0,34.0
img_ext009.tif,train,20.0,57.0
img_ext009.tif,train,21.0,76.0
img_ext009.tif,train,32.0,62.0
img_ext009.tif,train,37.0,47.0
img_ext009.tif,train,38.0,95.0
img_ext009.tif,train,39.0,82.0
img_ext009.tif,train,43.0,72.0
img_ext009.tif,train,45.0,59.0
img_ext009.tif,train,47.0,37.0
img_ext009.tif,train,46.0,105.0
img_ext009.tif,train,52.0,91.0
img_ext009.tif,train,55.0,66.0
img_ext009.tif,train,59.0,102.0
img_ext009.tif,train,60.0,45.0
img_ext009.tif,train,62.0,76.0
img_ext009.tif,train,63.0,90.0
img_ext009.tif,train,64.0,57.0
img_ext009.tif,train,71.0,29.0
img_ext009.tif,train,71.0,69.0
img_ext009.tif,train,74.0,84.0
img_ext009.tif,train,74.0,43.0
img_ext009.tif,train,77.0,20.0
img_ext009.tif,train,77.0,56.0
img_ext009.tif,train,85.0,33.0
img_ext009.tif,train,85.0,68.0
img_ext009.tif,train,87.0,9.0
img_ext009.tif,train,88.0,23.0
img_ext009.tif,train,87.0,46.0
img_ext009.tif,train,88.0,81.0
img_ext010.tif,train,9.0,26.0
img_ext010.tif,train,13.0,14.0
img_ext010.tif,train,20.0,34.0
img_ext010.tif,train,23.0,21.0
img_ext010.tif,train,25.0,5.0
img_ext010.tif,train,33.0,31.0
img_ext010.tif,train,37.0,9.0
img_ext010.tif,train,41.0,19.0
img_ext010.tif,train,83.0,28.0
img_ext010.tif,train,99.0,54.0
img_ext010.tif,train,99.0,68.0
img_ext010.tif,train,106.0,35.0
img_ext010.tif,train,107.0,44.0
img_ext010.tif,train,112.0,59.0
img_ext010.tif,train,117.0,27.0
img_ext010.tif,train,118.0,41.0
img_ext011.tif,train,23.0,8.0
img_ext011.tif,train,37.0,11.0
img_ext011.tif,train,47.0,3.0
img_ext011.tif,train,51.0,14.0
img_ext011.tif,train,63.0,18.0
img_ext011.tif,train,62.0,32.0
img_ext011.tif,train,68.0,7.0
img_ext011.tif,train,70.0,74.0
img_ext011.tif,train,70.0,88.0
img_ext011.tif,train,73.0,40.0
img_ext011.tif,train,77.0,14.0
img_ext011.tif,train,79.0,27.0
img_ext011.tif,train,80.0,4.0
img_ext011.tif,train,81.0,55.0
img_ext011.tif,train,82.0,71.0
img_ext011.tif,train,86.0,44.0
img_ext011.tif,train,92.0,9.0
img_ext011.tif,train,92.0,23.0
img_ext011.tif,train,93.0,63.0
img_ext011.tif,train,97.0,37.0
img_ext011.tif,train,98.0,93.0
img_ext011.tif,train,99.0,51.0
img_ext011.tif,train,101.0,107.0
img_ext011.tif,train,102.0,15.0
img_ext011.tif,train,107.0,27.0
img_ext011.tif,train,111.0,40.0
img_ext011.tif,train,119.0,7.0
img_ext011.tif,train,119.0,29.0
img_ext012.tif,train,16.0,124.0
img_ext012.tif,train,23.0,114.0
img_ext012.tif,train,36.0,116.0
img_ext012.tif,train,38.0,36.0
img_ext012.tif,train,42.0,48.0
img_ext012.tif,train,53.0,52.0
img_ext012.tif,train,54.0,65.0
img_ext012.tif,train,54.0,120.0
img_ext012.tif,train,56.0,33.0
img_ext012.tif,train,63.0,43.0
img_ext012.tif,train,64.0,17.0
img_ext012.tif,train,66.0,56.0
img_ext012.tif,train,67.0,71.0
img_ext012.tif,train,69.825,33.74999999999997
img_ext012.tif,train,75.0,23.0
img_ext012.tif,train,77.0,65.0
img_ext012.tif,train,80.0,7.0
img_ext012.tif,train,82.0,33.0
img_ext012.tif,train,84.0,61.0
img_ext012.tif,train,86.0,52.0
img_ext012.tif,train,86.0,18.0
img_ext012.tif,train,93.0,6.0
img_ext012.tif,train,94.0,44.0
img_ext012.tif,train,97.0,66.0
img_ext012.tif,train,98.0,30.0
img_ext012.tif,train,100.0,17.0
img_ext012.tif,train,103.0,54.0
img_ext012.tif,train,109.0,43.0
img_ext013.tif,train,43.0,119.0
img_ext013.tif,train,50.0,108.0
img_ext013.tif,train,57.0,123.0
img_ext013.tif,train,61.0,95.0
img_ext013.tif,train,65.0,109.0
img_ext013.tif,train,75.0,95.0
img_ext013.tif,train,77.0,110.0
img_ext013.tif,train,88.0,100.0
img_ext013.tif,train,90.0,115.0
img_ext013.tif,train,98.0,96.0
img_ext013.tif,train,103.0,112.0
img_ext013.tif,train,110.0,85.0
img_ext013.tif,train,111.0,97.0
img_ext013.tif,train,117.0,110.0
img_ext014.tif,train,4.0,19.0
img_ext014.tif,train,11.0,95.0
img_ext014.tif,train,11.0,30.0
img_ext014.tif,train,11.0,112.0
img_ext014.tif,train,16.0,44.0
img_ext014.tif,train,26.0,96.0
img_ext014.tif,train,26.0,29.0
img_ext014.tif,train,32.0,14.0
img_ext014.tif,train,34.0,44.0
img_ext014.tif,train,36.0,37.0
img_ext014.tif,train,36.0,120.0
img_ext014.tif,train,41.0,25.0
img_ext014.tif,train,41.0,57.0
img_ext014.tif,train,45.0,8.0
img_ext014.tif,train,59.0,79.0
img_ext014.tif,train,62.0,16.0
img_ext014.tif,train,62.0,108.0
img_ext014.tif,train,63.0,33.0
img_ext014.tif,train,65.0,123.0
img_ext014.tif,train,67.0,95.0
img_ext014.tif,train,70.0,83.0
img_ext014.tif,train,73.0,25.0
img_ext014.tif,train,74.0,43.0
img_ext014.tif,train,78.0,5.0
img_ext014.tif,train,78.0,103.0
img_ext014.tif,train,79.0,90.0
img_ext014.tif,train,80.0,113.0
img_ext014.tif,train,84.0,29.0
img_ext014.tif,train,87.0,42.0
img_ext014.tif,train,88.0,95.0
img_ext014.tif,train,89.0,18.0
img_ext014.tif,train,90.0,108.0
img_ext014.tif,train,91.0,71.0
img_ext014.tif,train,93.0,120.0
img_ext014.tif,train,93.0,55.0
img_ext014.tif,train,99.0,39.0
img_ext014.tif,train,102.0,92.0
img_ext014.tif,train,102.0,114.0
img_ext014.tif,train,104.0,84.0
img_ext014.tif,train,104.0,23.0
img_ext014.tif,train,104.0,102.0
img_ext014.tif,train,105.0,53.0
img_ext014.tif,train,109.0,63.0
img_ext014.tif,train,110.0,88.0
img_ext014.tif,train,112.0,41.0
img_ext014.tif,train,113.0,123.0
img_ext014.tif,train,115.0,94.0
img_ext014.tif,train,115.0,110.0
img_ext014.tif,train,117.25000000000003,51.95000000000002
img_ext014.tif,train,120.0,80.0
img_ext014.tif,train,121.0,31.0
img_ext014.tif,train,121.0,66.0
img_ext015.tif,train,5.0,30.0
img_ext015.tif,train,7.0,58.0
img_ext015.tif,train,8.0,71.0
img_ext015.tif,train,9.0,43.0
img_ext015.tif,train,13.0,81.0
img_ext015.tif,train,14.0,21.0
img_ext015.tif,train,16.0,31.0
img_ext015.tif,train,18.0,65.0
img_ext015.tif,train,21.0,44.0
img_ext015.tif,train,23.0,95.0
img_ext015.tif,train,24.0,14.0
img_ext015.tif,train,27.0,56.0
img_ext015.tif,train,27.0,30.0
img_ext015.tif,train,33.0,64.0
img_ext015.tif,train,34.0,48.0
img_ext015.tif,train,52.0,9.0
img_ext015.tif,train,66.0,5.0
img_ext016.tif,train,15.0,33.0
img_ext016.tif,train,28.0,10.0
img_ext016.tif,train,28.0,31.0
img_ext016.tif,train,50.0,73.0
img_ext016.tif,train,50.0,121.0
img_ext016.tif,train,60.0,100.0
img_ext016.tif,train,60.0,113.0
img_ext016.tif,train,63.0,71.0
img_ext016.tif,train,66.0,12.0
img_ext016.tif,train,67.0,25.0
img_ext016.tif,train,67.0,86.0
img_ext016.tif,train,72.0,110.0
img_ext016.tif,train,73.0,121.0
img_ext016.tif,train,76.0,76.0
img_ext016.tif,train,79.0,37.0
img_ext016.tif,train,79.0,89.0
img_ext016.tif,train,79.0,11.0
img_ext016.tif,train,80.0,23.0
img_ext016.tif,train,85.0,115.0
img_ext016.tif,train,88.0,97.0
img_ext016.tif,train,89.0,56.0
img_ext016.tif,train,100.0,68.0
img_ext016.tif,train,102.0,95.0
img_ext016.tif,train,103.0,6.0
img_ext016.tif,train,105.0,53.0
img_ext016.tif,train,112.0,42.0
img_ext016.tif,train,113.0,75.0
img_ext016.tif,train,115.0,64.0
img_ext016.tif,train,119.0,40.0
img_ext016.tif,train,122.0,53.0
img_ext017.tif,train,5.0,71.0
img_ext017.tif,train,9.0,86.0
img_ext017.tif,train,10.0,60.0
img_ext017.tif,train,13.0,74.0
img_ext017.tif,train,19.0,50.0
img_ext017.tif,train,24.0,63.0
img_ext017.tif,train,30.0,107.0
img_ext017.tif,train,35.0,80.0
img_ext017.tif,train,36.0,93.0
img_ext017.tif,train,45.9,102.89999999999998
img_ext017.tif,train,47.0,81.0
img_ext017.tif,train,47.0,23.0
img_ext017.tif,train,49.0,96.0
img_ext017.tif,train,58.0,108.0
img_ext017.tif,train,75.0,93.0
img_ext017.tif,train,82.0,107.0
img_ext017.tif,train,83.0,120.0
img_ext017.tif,train,87.0,85.0
img_ext017.tif,train,91.0,58.0
img_ext017.tif,train,100.0,90.0
img_ext017.tif,train,102.0,67.0
img_ext017.tif,train,106.0,112.0
img_ext017.tif,train,117.0,100.0
img_ext017.tif,train,117.0,116.0
img_ext018.tif,train,4.0,17.0
img_ext018.tif,train,4.0,68.0
img_ext018.tif,train,7.0,36.0
img_ext018.tif,train,8.0,82.0
img_ext018.tif,train,11.0,50.0
img_ext018.tif,train,14.0,9.0
img_ext018.tif,train,17.0,24.0
img_ext018.tif,train,16.0,89.0
img_ext018.tif,train,18.0,75.0
img_ext018.tif,train,22.0,39.0
img_ext018.tif,train,24.0,67.0
img_ext018.tif,train,27.0,15.0
img_ext018.tif,train,29.0,80.0
img_ext018.tif,train,31.0,94.0
img_ext018.tif,train,40.0,66.0
img_ext018.tif,train,47.0,118.0
img_ext018.tif,train,51.0,43.0
img_ext018.tif,train,52.0,62.0
img_ext018.tif,train,54.0,95.0
img_ext018.tif,train,57.0,22.0
img_ext018.tif,train,60.0,124.0
img_ext018.tif,train,65.0,54.0
img_ext018.tif,train,70.0,44.0
img_ext018.tif,train,72.0,119.0
img_ext018.tif,train,75.0,82.0
img_ext018.tif,train,77.0,36.0
img_ext018.tif,train,80.0,68.0
img_ext018.tif,train,83.0,122.0
img_ext018.tif,train,86.0,60.0
img_ext018.tif,train,88.0,78.0
img_ext018.tif,train,89.0,30.0
img_ext018.tif,train,91.0,13.0
img_ext018.tif,train,90.0,93.0
img_ext018.tif,train,94.0,69.0
img_ext018.tif,train,94.0,121.0
img_ext018.tif,train,99.0,57.0
img_ext018.tif,train,100.0,79.0
img_ext018.tif,train,100.0,45.0
img_ext018.tif,train,103.0,10.0
img_ext018.tif,train,103.0,34.0
img_ext018.tif,train,105.0,100.0
img_ext018.tif,train,107.0,55.0
img_ext018.tif,train,108.0,17.0
img_ext018.tif,train,110.0,67.0
img_ext018.tif,train,111.0,85.0
img_ext018.tif,train,111.0,108.0
img_ext018.tif,train,111.0,121.0
img_ext018.tif,train,114.0,39.0
img_ext018.tif,train,118.0,16.0
img_ext018.tif,train,119.0,92.0
img_ext018.tif,train,120.0,111.0
img_ext019.tif,train,10.0,111.0
img_ext019.tif,train,19.0,18.0
img_ext019.tif,train,19.0,35.0
img_ext019.tif,train,19.0,121.0
img_ext019.tif,train,35.0,8.0
img_ext019.tif,train,34.0,69.0
img_ext019.tif,train,39.0,20.0
img_ext019.tif,train,44.0,32.0
img_ext019.tif,train,53.0,55.0
img_ext019.tif,train,53.0,69.0
img_ext019.tif,train,63.0,6.0
img_ext019.tif,train,65.0,17.0
img_ext019.tif,train,72.0,38.0
img_ext019.tif,train,73.0,24.0
img_ext019.tif,train,81.0,13.0
img_ext019.tif,train,84.0,41.0
img_ext019.tif,train,88.0,28.0
img_ext019.tif,train,88.0,57.0
img_ext019.tif,train,93.0,16.0
img_ext019.tif,train,95.0,69.0
img_ext019.tif,train,99.0,40.0
img_ext019.tif,train,100.0,5.0
img_ext019.tif,train,102.0,27.0
img_ext019.tif,train,107.0,53.0
img_ext019.tif,train,109.0,14.0
img_ext019.tif,train,113.0,39.0
img_ext019.tif,train,117.0,27.0
img_ext020.tif,train,12.0,113.0
img_ext020.tif,train,13.0,101.0
img_ext020.tif,train,17.0,84.0
img_ext020.tif,train,40.0,87.0
img_ext020.tif,train,53.0,86.0
img_ext020.tif,train,67.0,87.0
img_ext020.tif,train,76.0,103.0
img_ext020.tif,train,99.0,18.0
img_ext020.tif,train,99.0,31.0
img_ext020.tif,train,99.0,55.0
img_ext020.tif,train,102.0,4.0
img_ext020.tif,train,102.0,44.0
img_ext020.tif,train,102.0,121.0
img_ext020.tif,train,108.0,77.0
img_ext020.tif,train,110.0,21.0
img_ext020.tif,train,109.0,65.0
img_ext020.tif,train,111.0,33.0
img_ext020.tif,train,112.0,51.0
img_ext020.tif,train,114.0,9.0
img_ext020.tif,train,120.0,41.0
img_ext020.tif,train,121.0,60.0
img_ext020.tif,train,120.0,74.0
img_ext020.tif,train,121.0,26.0
img_ext021.tif,train,7.0,12.0
img_ext021.tif,train,9.0,38.0
img_ext021.tif,train,11.0,84.0
img_ext021.tif,train,10.0,103.0
img_ext021.tif,train,14.0,57.0
img_ext021.tif,train,14.0,71.0
img_ext021.tif,train,15.0,21.0
img_ext021.tif,train,16.0,116.0
img_ext021.tif,train,23.0,9.0
img_ext021.tif,train,24.0,31.0
img_ext021.tif,train,26.0,94.0
img_ext021.tif,train,26.0,107.0
img_ext021.tif,train,26.0,62.0
img_ext021.tif,train,26.0,77.0
img_ext021.tif,train,28.0,119.0
img_ext021.tif,train,31.0,19.0
img_ext021.tif,train,37.0,69.0
img_ext021.tif,train,37.0,99.0
img_ext021.tif,train,42.0,112.0
img_ext021.tif,train,44.0,58.0
img_ext021.tif,train,47.0,72.0
img_ext021.tif,train,49.0,120.0
img_ext021.tif,train,51.0,96.0
img_ext021.tif,train,55.0,106.0
img_ext021.tif,train,56.0,59.0
img_ext021.tif,train,61.625,122.0
img_ext021.tif,train,62.0,72.0
img_ext021.tif,train,67.0,109.0
img_ext021.tif,train,72.0,99.0
img_ext021.tif,train,75.0,65.0
img_ext021.tif,train,84.0,71.0
img_ext022.tif,train,77.0,90.0
img_ext022.tif,train,78.0,117.0
img_ext022.tif,train,79.0,49.0
img_ext022.tif,train,80.0,57.0
img_ext022.tif,train,80.0,67.0
img_ext022.tif,train,83.0,30.0
img_ext022.tif,train,85.0,79.0
img_ext022.tif,train,86.0,20.0
img_ext022.tif,train,88.0,107.0
img_ext022.tif,train,92.0,44.0
img_ext022.tif,train,93.0,91.0
img_ext022.tif,train,92.0,121.0
img_ext022.tif,train,93.0,68.0
img_ext022.tif,train,94.0,78.0
img_ext022.tif,train,96.0,57.0
img_ext022.tif,train,99.0,15.0
img_ext022.tif,train,100.0,101.0
img_ext022.tif,train,103.0,4.0
img_ext022.tif,train,104.0,66.0
img_ext022.tif,train,104.0,117.0
img_ext022.tif,train,104.0,40.0
img_ext022.tif,train,104.0,47.0
img_ext022.tif,train,104.0,88.0
img_ext022.tif,train,107.0,54.0
img_ext022.tif,train,109.0,111.0
img_ext022.tif,train,111.0,76.0
img_ext022.tif,train,112.0,98.0
img_ext022.tif,train,112.0,57.0
img_ext022.tif,train,114.0,40.0
img_ext022.tif,train,116.0,89.0
img_ext022.tif,train,117.0,69.0
img_ext022.tif,train,120.0,50.0
img_ext022.tif,train,120.0,63.0
img_ext022.tif,train,120.0,110.0
img_ext022.tif,train,123.0,74.0
img_ext023.tif,train,7.0,36.0
img_ext023.tif,train,9.0,21.0
img_ext023.tif,train,9.0,6.0
img_ext023.tif,train,11.0,57.0
img_ext023.tif,train,16.0,45.0
img_ext023.tif,train,17.0,31.0
img_ext023.tif,train,18.0,65.0
img_ext023.tif,train,24.0,53.0
img_ext023.tif,train,24.0,36.0
img_ext023.tif,train,27.0,14.0
img_ext023.tif,train,36.0,45.0
img_ext023.tif,train,37.0,31.0
img_ext023.tif,train,40.0,21.0
img_ext023.tif,train,96.0,24.0
img_ext023.tif,train,103.0,39.0
img_ext023.tif,train,111.0,9.0
img_ext023.tif,train,111.0,58.0
img_ext024.tif,train,6.0,73.0
img_ext024.tif,train,7.0,84.0
img_ext024.tif,train,10.0,15.0
img_ext024.tif,train,12.0,62.0
img_ext024.tif,train,19.0,80.0
img_ext024.tif,train,23.0,21.0
img_ext024.tif,train,23.0,46.0
img_ext024.tif,train,24.0,117.0
img_ext024.tif,train,31.0,33.0
img_ext024.tif,train,33.0,57.0
img_ext024.tif,train,35.0,74.0
img_ext024.tif,train,35.0,88.0
img_ext024.tif,train,37.0,45.0
img_ext024.tif,train,45.0,95.0
img_ext024.tif,train,45.0,28.0
img_ext024.tif,train,45.0,81.0
img_ext024.tif,train,48.0,37.0
img_ext024.tif,train,50.0,70.0
img_ext024.tif,train,54.0,51.0
img_ext024.tif,train,55.0,59.0
img_ext024.tif,train,57.0,82.0
img_ext024.tif,train,59.0,95.0
img_ext024.tif,train,71.0,74.0
img_ext024.tif,train,72.0,87.0
img_ext024.tif,train,75.0,119.0
img_ext024.tif,train,83.0,92.0
img_ext024.tif,train,84.0,71.0
img_ext024.tif,train,86.0,81.0
img_ext024.tif,train,94.0,71.0
img_ext024.tif,train,95.0,106.0
img_ext024.tif,train,100.0,93.0
img_ext024.tif,train,109.0,81.0
img_ext024.tif,train,108.0,101.0
img_ext024.tif,train,109.0,114.0
img_ext024.tif,train,112.0,66.0
img_ext024.tif,train,117.0,93.0
img_ext024.tif,train,121.0,104.0
img_ext024.tif,train,122.0,118.0
img_ext025.tif,train,33.0,97.0
img_ext025.tif,train,43.0,86.0
img_ext025.tif,train,42.0,110.0
img_ext025.tif,train,48.0,98.0
img_ext025.tif,train,49.0,121.0
img_ext025.tif,train,56.0,110.0
img_ext025.tif,train,60.0,122.0
img_ext025.tif,train,60.0,98.0
img_ext025.tif,train,70.0,108.0
img_ext025.tif,train,76.0,120.0
img_ext025.tif,train,84.0,34.0
img_ext025.tif,train,86.0,5.0
img_ext025.tif,train,90.0,47.0
img_ext025.tif,train,98.0,33.0
img_ext025.tif,train,99.0,3.0
img_ext025.tif,train,105.0,23.0
img_ext025.tif,train,104.0,47.0
img_ext025.tif,train,112.0,36.0
img_ext025.tif,train,112.0,12.0
img_ext025.tif,train,116.0,47.0
img_ext025.tif,train,119.0,25.0
img_ext025.tif,train,119.0,6.0
img_ext025.tif,train,122.0,37.0
img_ext026.tif,train,6.0,82.0
img_ext026.tif,train,7.0,59.0
img_ext026.tif,train,15.0,66.0
img_ext026.tif,train,17.0,78.0
img_ext026.tif,train,19.0,56.0
img_ext026.tif,train,28.0,65.0
img_ext026.tif,train,31.0,50.0
img_ext026.tif,train,41.0,60.0
img_ext026.tif,train,56.0,59.0
img_ext026.tif,train,67.0,43.0
img_ext026.tif,train,67.0,57.0
img_ext026.tif,train,79.0,53.0
img_ext026.tif,train,82.0,39.0
img_ext026.tif,train,102.0,68.0
img_ext026.tif,train,111.0,57.0
img_ext026.tif,train,114.3,73.44999999999999
img_ext026.tif,train,121.0,62.0
img_ext027.tif,train,11.0,123.0
img_ext027.tif,train,20.0,111.0
img_ext027.tif,train,22.0,120.0
img_ext027.tif,train,29.0,105.0
img_ext027.tif,train,31.0,116.0
img_ext027.tif,train,37.0,95.0
img_ext027.tif,train,44.0,103.0
img_ext027.tif,train,44.0,116.0
img_ext027.tif,train,47.0,84.0
img_ext027.tif,train,51.0,99.0
img_ext027.tif,train,70.0,70.0
img_ext027.tif,train,71.0,112.0
img_ext027.tif,train,72.0,56.0
img_ext027.tif,train,76.0,82.0
img_ext027.tif,train,77.0,45.0
img_ext027.tif,train,78.0,100.0
img_ext027.tif,train,78.0,121.0
img_ext027.tif,train,83.0,65.0
img_ext027.tif,train,86.0,90.0
img_ext027.tif,train,86.0,111.0
img_ext027.tif,train,89.0,75.0
img_ext027.tif,train,90.0,103.0
img_ext027.tif,train,95.0,64.0
img_ext027.tif,train,96.0,96.0
img_ext027.tif,train,100.0,115.0
img_ext027.tif,train,106.0,75.0
img_ext027.tif,train,110.0,108.0
img_ext027.tif,train,111.0,90.0
img_ext027.tif,train,114.0,22.0
img_ext027.tif,train,114.0,116.0
img_ext027.tif,train,117.0,78.0
img_ext027.tif,train,119.0,101.0
img_ext027.tif,train,121.0,93.0
img_ext028.tif,train,5.0,24.0
img_ext028.tif,train,8.0,43.0
img_ext028.tif,train,7.0,85.0
img_ext028.tif,train,9.0,77.0
img_ext028.tif,train,10.0,102.0
img_ext028.tif,train,10.0,70.0
img_ext028.tif,train,12.0,121.0
img_ext028.tif,train,12.0,59.0
img_ext028.tif,train,13.0,33.0
img_ext028.tif,train,15.0,24.0
img_ext028.tif,train,14.0,106.0
img_ext028.tif,train,17.0,9.0
img_ext028.tif,train,17.0,119.0
img_ext028.tif,train,18.0,76.0
img_ext028.tif,train,20.0,94.0
img_ext028.tif,train,23.0,66.0
img_ext028.tif,train,23.0,111.0
img_ext028.tif,train,24.0,51.0
img_ext028.tif,train,25.0,41.0
img_ext028.tif,train,25.0,100.0
img_ext028.tif,train,28.0,21.0
img_ext028.tif,train,28.0,111.0
img_ext028.tif,train,28.0,123.0
img_ext028.tif,train,29.0,4.0
img_ext028.tif,train,32.0,75.0
img_ext028.tif,train,33.0,91.0
img_ext028.tif,train,34.0,33.0
img_ext028.tif,train,34.0,50.0
img_ext028.tif,train,35.0,70.0
img_ext028.tif,train,36.0,57.0
img_ext028.tif,train,36.0,103.0
img_ext028.tif,train,37.0,117.0
img_ext028.tif,train,41.0,43.0
img_ext028.tif,train,41.0,19.0
img_ext028.tif,train,43.0,8.0
img_ext028.tif,train,44.0,33.0
img_ext028.tif,train,46.0,49.0
img_ext028.tif,train,45.0,75.0
img_ext028.tif,train,45.0,90.0
img_ext028.tif,train,48.0,62.0
img_ext028.tif,train,48.0,103.0
img_ext028.tif,train,50.0,45.0
img_ext028.tif,train,53.0,14.0
img_ext028.tif,train,54.0,21.0
img_ext028.tif,train,57.0,41.0
img_ext028.tif,train,62.0,29.0
img_ext028.tif,train,65.0,14.0
img_ext028.tif,train,66.0,47.0
img_ext028.tif,train,72.0,38.0
img_ext028.tif,train,75.0,24.0
img_ext028.tif,train,77.0,54.0
img_ext028.tif,train,80.0,6.0
img_ext029.tif,train,4.0,48.0
img_ext029.tif,train,7.0,65.0
img_ext029.tif,train,13.0,57.0
img_ext029.tif,train,16.0,38.0
img_ext029.tif,train,16.0,76.0
img_ext029.tif,train,21.0,87.0
img_ext029.tif,train,21.0,67.0
img_ext029.tif,train,23.0,27.0
img_ext029.tif,train,24.0,48.0
img_ext029.tif,train,29.0,60.0
img_ext029.tif,train,31.0,74.0
img_ext029.tif,train,34.0,87.0
img_ext029.tif,train,35.0,115.0
img_ext029.tif,train,39.0,49.0
img_ext029.tif,train,42.0,65.0
img_ext029.tif,train,47.0,119.0
img_ext030.tif,train,11.0,112.0
img_ext030.tif,train,15.0,99.0
img_ext030.tif,train,22.0,111.0
img_ext030.tif,train,29.0,102.0
img_ext030.tif,train,31.0,121.0
img_ext030.tif,train,37.0,13.0
img_ext030.tif,train,42.0,82.0
img_ext030.tif,train,42.0,95.0
img_ext030.tif,train,44.0,107.0
img_ext030.tif,train,45.0,58.0
img_ext030.tif,train,50.0,117.0
img_ext030.tif,train,53.0,12.0
img_ext030.tif,train,54.0,88.0
img_ext030.tif,train,59.0,117.0
img_ext030.tif,train,64.0,76.0
img_ext030.tif,train,74.0,68.0
img_ext030.tif,train,79.0,97.0
img_ext030.tif,train,82.0,55.0
img_ext030.tif,train,83.0,81.0
img_ext030.tif,train,95.0,54.0
img_ext030.tif,train,96.0,73.0
img_ext030.tif,train,103.0,42.0
img_ext030.tif,train,102.0,62.0
img_ext030.tif,train,108.0,81.0
img_ext031.tif,train,10.0,46.0
img_ext031.tif,train,21.0,32.0
img_ext031.tif,train,33.0,42.0
img_ext031.tif,train,37.0,28.0
img_ext031.tif,train,51.0,27.0
img_ext031.tif,train,51.0,43.0
img_ext031.tif,train,53.0,11.0
img_ext031.tif,train,61.0,21.0
img_ext031.tif,train,63.0,114.0
img_ext031.tif,train,70.0,31.0
img_ext031.tif,train,70.0,92.0
img_ext031.tif,train,70.0,109.0
img_ext031.tif,train,82.0,102.0
img_ext031.tif,train,93.0,109.0
img_ext031.tif,train,99.0,94.0
img_ext031.tif,train,111.0,90.0
img_ext031.tif,train,112.0,103.0
img_ext032.tif,train,10.0,117.0
img_ext032.tif,train,18.0,54.0
img_ext032.tif,train,27.0,74.0
img_ext032.tif,train,31.0,36.0
img_ext032.tif,train,31.0,100.0
img_ext032.tif,train,34.0,117.0
img_ext032.tif,train,36.0,81.0
img_ext032.tif,train,42.0,108.0
img_ext032.tif,train,44.0,96.0
img_ext032.tif,train,48.0,79.0
img_ext032.tif,train,59.0,85.0
img_ext032.tif,train,60.0,69.0
img_ext032.tif,train,63.0,118.0
img_ext032.tif,train,67.0,106.0
img_ext032.tif,train,70.0,46.0
img_ext032.tif,train,75.0,120.0
img_ext032.tif,train,82.0,107.0
img_ext032.tif,train,83.0,42.0
img_ext032.tif,train,87.0,95.0
img_ext032.tif,train,89.0,67.0
img_ext032.tif,train,91.0,117.0
img_ext032.tif,train,93.0,54.0
img_ext032.tif,train,100.0,71.0
img_ext032.tif,train,104.0,108.0
img_ext032.tif,train,104.0,6.0
img_ext032.tif,train,106.0,53.0
img_ext032.tif,train,111.0,65.0
img_ext032.tif,train,115.0,101.0
img_ext032.tif,train,115.0,121.0
img_ext032.tif,train,118.0,89.0
img_ext032.tif,train,119.0,8.0
img_ext033.tif,train,17.0,8.0
img_ext033.tif,train,17.0,22.0
img_ext033.tif,train,17.0,34.0
img_ext033.tif,train,26.0,40.0
img_ext033.tif,train,28.0,25.0
img_ext033.tif,train,33.0,12.0
img_ext033.tif,train,36.0,53.0
img_ext033.tif,train,36.0,88.0
img_ext033.tif,train,38.0,75.0
img_ext033.tif,train,39.0,39.0
img_ext033.tif,train,40.0,27.0
img_ext033.tif,train,44.0,61.0
img_ext033.tif,train,48.0,82.0
img_ext033.tif,train,48.0,97.0
img_ext033.tif,train,55.0,11.0
img_ext033.tif,train,54.0,67.0
img_ext033.tif,train,61.0,23.0
img_ext033.tif,train,70.0,11.0
img_ext033.tif,train,84.0,11.0
img_ext033.tif,train,123.0,9.0
img_ext034.tif,train,5.0,55.0
img_ext034.tif,train,17.0,59.0
img_ext034.tif,train,35.0,77.0
img_ext034.tif,train,48.0,81.0
img_ext034.tif,train,79.125,65.125
img_ext034.tif,train,99.0,36.0
img_ext034.tif,train,100.0,50.0
img_ext034.tif,train,101.0,66.0
img_ext034.tif,train,108.25,79.125
img_ext034.tif,train,114.0,48.0
img_ext034.tif,train,116.0,28.0
img_ext035.tif,train,21.0,39.0
img_ext035.tif,train,33.0,78.0
img_ext035.tif,train,35.0,7.0
img_ext035.tif,train,48.0,85.0
img_ext035.tif,train,52.0,27.0
img_ext035.tif,train,57.0,51.0
img_ext035.tif,train,59.0,65.0
img_ext035.tif,train,61.0,38.0
img_ext035.tif,train,66.0,26.0
img_ext035.tif,train,72.0,55.0
img_ext036.tif,train,14.0,68.0
img_ext036.tif,train,19.0,107.0
img_ext036.tif,train,27.0,70.0
img_ext036.tif,train,29.0,54.0
img_ext036.tif,train,28.0,88.0
img_ext036.tif,train,30.0,33.0
img_ext036.tif,train,32.0,101.0
img_ext036.tif,train,36.0,22.0
img_ext036.tif,train,36.0,46.0
img_ext036.tif,train,37.0,70.0
img_ext036.tif,train,38.0,80.0
img_ext036.tif,train,40.49999999999999,110.75
img_ext036.tif,train,42.0,10.0
img_ext036.tif,train,45.62499999999999,33.25
img_ext036.tif,train,48.0,96.0
img_ext036.tif,train,61.0,95.0
img_ext036.tif,train,73.0,101.0
img_ext036.tif,train,74.0,118.0
img_ext036.tif,train,80.0,91.0
img_ext036.tif,train,83.0,108.0
img_ext036.tif,train,96.0,80.0
img_ext036.tif,train,105.0,65.0
img_ext036.tif,train,106.0,89.0
img_ext036.tif,train,110.0,10.0
img_ext036.tif,train,114.0,118.0
img_ext036.tif,train,117.0,20.0
img_ext036.tif,train,118.0,70.0
img_ext036.tif,train,118.0,83.0
img_ext037.tif,train,4.0,117.0
img_ext037.tif,train,5.0,38.0
img_ext037.tif,train,19.0,114.0
img_ext037.tif,train,21.0,42.0
img_ext037.tif,train,26.0,54.0
img_ext037.tif,train,30.0,31.0
img_ext037.tif,train,32.0,116.0
img_ext037.tif,train,37.0,43.0
img_ext037.tif,train,39.0,58.0
img_ext037.tif,train,47.0,30.0
img_ext037.tif,train,55.0,115.0
img_ext037.tif,train,61.0,104.0
img_ext037.tif,train,64.0,37.0
img_ext037.tif,train,66.0,116.0
img_ext037.tif,train,76.0,105.0
img_ext037.tif,train,79.0,96.0
img_ext037.tif,train,79.0,118.0
img_ext037.tif,train,83.0,110.0
img_ext037.tif,train,88.0,39.0
img_ext037.tif,train,88.0,102.0
img_ext037.tif,train,93.0,25.0
img_ext037.tif,train,93.0,113.0
img_ext037.tif,train,101.0,104.0
img_ext037.tif,train,103.0,120.0
img_ext037.tif,train,104.0,38.0
img_ext037.tif,train,105.0,3.0
img_ext037.tif,train,111.0,27.0
img_ext037.tif,train,112.0,111.0
img_ext037.tif,train,117.0,8.0
img_ext037.tif,train,118.0,41.0
img_ext037.tif,train,122.0,61.0
img_ext038.tif,train,5.0,119.0
img_ext038.tif,train,42.0,63.0
img_ext038.tif,train,47.0,75.0
img_ext038.tif,train,53.0,121.0
img_ext038.tif,train,59.0,61.0
img_ext038.tif,train,69.0,51.0
img_ext038.tif,train,83.0,13.0
img_ext038.tif,train,84.0,85.0
img_ext038.tif,train,98.0,16.0
img_ext038.tif,train,100.0,27.0
img_ext038.tif,train,100.0,39.0
img_ext038.tif,train,105.0,51.0
img_ext038.tif,train,108.0,22.0
img_ext038.tif,train,112.0,6.0
img_ext038.tif,train,113.0,72.0
img_ext038.tif,train,115.0,32.0
img_ext038.tif,train,117.0,59.0
img_ext038.tif,train,122.0,18.0
img_ext038.tif,train,121.0,45.0
img_ext039.tif,train,4.0,56.0
img_ext039.tif,train,5.0,24.0
img_ext039.tif,train,9.0,41.0
img_ext039.tif,train,19.0,53.0
img_ext039.tif,train,23.0,38.0
img_ext039.tif,train,27.0,75.0
img_ext039.tif,train,32.0,62.0
img_ext039.tif,train,33.0,50.0
img_ext039.tif,train,40.0,78.0
img_ext039.tif,train,63.0,79.0
img_ext039.tif,train,76.0,84.0
img_ext039.tif,train,76.0,50.0
img_ext039.tif,train,79.0,100.0
img_ext039.tif,train,84.0,62.0
img_ext039.tif,train,89.0,88.0
img_ext039.tif,train,93.0,68.0
img_ext039.tif,train,98.0,100.0
img_ext039.tif,train,102.0,57.0
img_ext039.tif,train,113.0,61.0
img_ext039.tif,train,117.0,43.0
img_ext039.tif,train,120.0,57.0
img_ext040.tif,train,12.0,71.0
img_ext040.tif,train,12.0,85.0
img_ext040.tif,train,19.0,122.0
img_ext040.tif,train,21.0,101.0
img_ext040.tif,train,22.0,86.0
img_ext040.tif,train,30.0,76.0
img_ext040.tif,train,33.0,119.0
img_ext040.tif,train,35.0,86.0
img_ext040.tif,train,35.0,100.0
img_ext040.tif,train,42.0,91.0
img_ext040.tif,train,50.0,104.0
img_ext040.tif,train,55.0,91.0
img_ext040.tif,train,63.0,102.0
img_ext040.tif,train,72.0,113.0
img_ext041.tif,train,4.0,9.0
img_ext041.tif,train,8.0,37.0
img_ext041.tif,train,13.0,16.0
img_ext041.tif,train,20.0,10.0
img_ext041.tif,train,24.0,50.0
img_ext041.tif,train,30.0,15.0
img_ext041.tif,train,31.0,39.0
img_ext041.tif,train,34.0,27.0
img_ext041.tif,train,36.0,53.0
img_ext041.tif,train,44.0,39.0
img_ext041.tif,train,45.0,16.0
img_ext041.tif,train,47.0,28.0
img_ext041.tif,train,59.0,75.0
img_ext041.tif,train,60.0,123.0
img_ext041.tif,train,64.0,34.0
img_ext041.tif,train,67.0,8.0
img_ext041.tif,train,67.0,46.0
img_ext041.tif,train,67.0,64.0
img_ext041.tif,train,70.0,24.0
img_ext041.tif,train,75.0,36.0
img_ext041.tif,train,79.0,53.0
img_ext041.tif,train,85.0,10.0
img_ext041.tif,train,85.0,26.0
img_ext041.tif,train,86.0,43.0
img_ext041.tif,train,94.0,54.0
img_ext041.tif,train,98.0,18.0
img_ext041.tif,train,98.0,78.0
img_ext041.tif,train,102.0,64.0
img_ext041.tif,train,102.0,121.0
img_ext041.tif,train,103.0,43.0
img_ext041.tif,train,102.0,108.0
img_ext041.tif,train,111.0,3.0
img_ext041.tif,train,110.0,33.0
img_ext041.tif,train,111.0,54.0
img_ext041.tif,train,115.0,115.0
img_ext041.tif,train,119.0,21.0
img_ext042.tif,train,5.0,53.0
img_ext042.tif,train,8.0,65.0
img_ext042.tif,train,16.0,77.0
img_ext042.tif,train,17.0,50.0
img_ext042.tif,train,25.0,68.0
img_ext042.tif,train,25.0,11.0
img_ext042.tif,train,27.0,81.0
img_ext042.tif,train,28.0,45.0
img_ext042.tif,train,29.0,57.0
img_ext042.tif,train,34.0,5.0
img_ext042.tif,train,36.0,54.0
img_ext042.tif,train,40.0,41.0
img_ext042.tif,train,44.0,27.0
img_ext042.tif,train,48.0,3.0
img_ext042.tif,train,50.0,62.0
img_ext042.tif,train,51.0,74.0
img_ext042.tif,train,52.0,50.0
img_ext042.tif,train,53.0,37.0
img_ext042.tif,train,56.0,21.0
img_ext042.tif,train,59.0,66.0
img_ext042.tif,train,65.0,44.0
img_ext042.tif,train,66.0,32.0
img_ext042.tif,train,69.0,17.0
img_ext042.tif,train,76.0,40.0
img_ext042.tif,train,79.0,25.0
img_ext042.tif,train,88.0,31.0
img_ext042.tif,train,91.0,13.0
img_ext042.tif,train,100.0,34.0
img_ext042.tif,train,104.0,45.0
img_ext042.tif,train,105.0,13.0
img_ext042.tif,train,111.0,53.0
img_ext042.tif,train,116.0,78.0
img_ext042.tif,train,117.0,40.0
img_ext043.tif,train,8.0,85.0
img_ext043.tif,train,7.0,120.0
img_ext043.tif,train,17.0,113.0
img_ext043.tif,train,20.0,84.0
img_ext043.tif,train,22.0,100.0
img_ext043.tif,train,30.0,89.0
img_ext043.tif,train,33.0,103.0
img_ext043.tif,train,36.0,76.0
img_ext043.tif,train,41.0,82.0
img_ext043.tif,train,43.0,114.0
img_ext043.tif,train,47.0,98.0
img_ext043.tif,train,48.0,71.0
img_ext043.tif,train,48.0,117.0
img_ext043.tif,train,49.0,14.0
img_ext043.tif,train,51.0,88.0
img_ext043.tif,train,58.0,122.0
img_ext043.tif,train,60.0,111.0
img_ext043.tif,train,60.0,83.0
img_ext043.tif,train,61.0,46.0
img_ext043.tif,train,61.0,97.0
img_ext043.tif,train,62.0,70.0
img_ext043.tif,train,65.0,57.0
img_ext043.tif,train,69.0,20.0
img_ext043.tif,train,72.0,108.0
img_ext043.tif,train,73.0,120.0
img_ext043.tif,train,74.0,83.0
img_ext043.tif,train,74.0,95.0
img_ext043.tif,train,77.0,34.0
img_ext043.tif,train,77.0,50.0
img_ext043.tif,train,79.0,73.0
img_ext043.tif,train,82.0,22.0
img_ext043.tif,train,82.0,64.0
img_ext043.tif,train,86.0,30.0
img_ext043.tif,train,88.0,75.0
img_ext043.tif,train,88.0,88.0
img_ext043.tif,train,89.0,41.0
img_ext043.tif,train,90.0,18.0
img_ext043.tif,train,91.0,59.0
img_ext043.tif,train,95.0,112.0
img_ext043.tif,train,100.0,44.0
img_ext043.tif,train,101.0,69.0
img_ext043.tif,train,102.0,10.0
img_ext043.tif,train,105.0,33.0
img_ext043.tif,train,107.0,60.0
img_ext043.tif,train,109.0,115.0
img_ext043.tif,train,112.0,21.0
img_ext043.tif,train,111.0,41.0
img_ext043.tif,train,114.0,69.0
img_ext043.tif,train,118.0,10.0
img_ext043.tif,train,119.0,32.0
img_ext044.tif,train,5.0,39.0
img_ext044.tif,train,7.0,9.0
img_ext044.tif,train,8.0,51.0
img_ext044.tif,train,15.0,21.0
img_ext044.tif,train,33.0,57.0
img_ext044.tif,train,73.0,5.0
img_ext044.tif,train,92.0,114.0
img_ext044.tif,train,96.0,8.0
img_ext044.tif,train,96.0,19.0
img_ext044.tif,train,100.0,102.0
img_ext044.tif,train,107.0,4.0
img_ext044.tif,train,110.0,51.0
img_ext044.tif,train,122.0,7.0
img_ext045.tif,train,16.0,92.0
img_ext045.tif,train,35.0,35.0
img_ext045.tif,train,40.0,23.0
img_ext045.tif,train,46.0,52.0
img_ext045.tif,train,58.0,45.0
img_ext045.tif,train,63.0,119.0
img_ext045.tif,train,67.0,63.0
img_ext045.tif,train,69.0,50.0
img_ext045.tif,train,70.0,77.0
img_ext045.tif,train,79.0,67.0
img_ext045.tif,train,84.0,52.0
img_ext045.tif,train,86.875,113.125
img_ext045.tif,train,95.0,58.0
img_ext045.tif,train,96.0,71.0
img_ext046.tif,train,31.0,29.0
img_ext046.tif,train,76.0,111.0
img_ext046.tif,train,83.0,17.0
img_ext046.tif,train,82.0,45.0
img_ext046.tif,train,87.0,103.0
img_ext046.tif,train,90.0,116.0
img_ext046.tif,train,92.0,54.0
img_ext046.tif,train,92.0,34.0
img_ext046.tif,train,94.0,22.0
img_ext046.tif,train,101.0,47.0
img_ext046.tif,train,104.0,18.0
img_ext046.tif,train,106.0,8.0
img_ext046.tif,train,105.0,108.0
img_ext046.tif,train,117.0,16.0
img_ext046.tif,train,119.0,110.0
img_ext047.tif,train,10.0,101.0
img_ext047.tif,train,13.0,114.0
img_ext047.tif,train,23.0,96.0
img_ext047.tif,train,26.0,121.0
img_ext047.tif,train,29.0,106.0
img_ext047.tif,train,32.0,92.0
img_ext047.tif,train,37.0,118.0
img_ext047.tif,train,40.0,18.0
img_ext047.tif,train,47.0,6.0
img_ext047.tif,train,48.0,36.0
img_ext047.tif,train,58.0,14.0
img_ext047.tif,train,59.0,27.0
img_ext047.tif,train,69.0,21.0
img_ext047.tif,train,70.0,7.0
img_ext047.tif,train,84.0,4.0
img_ext047.tif,train,84.0,19.0
img_ext047.tif,train,99.0,14.0
img_ext047.tif,train,112.0,14.0
img_ext047.tif,train,113.0,36.0
img_ext048.tif,train,56.0,54.0
img_ext048.tif,train,58.0,67.0
img_ext048.tif,train,57.0,80.0
img_ext048.tif,train,69.0,75.0
img_ext048.tif,train,89.0,29.0
img_ext048.tif,train,101.0,21.0
img_ext048.tif,train,102.0,36.0
img_ext048.tif,train,112.0,26.0
img_ext048.tif,train,122.0,34.0
img_ext049.tif,train,12.0,107.0
img_ext049.tif,train,14.0,94.0
img_ext049.tif,train,28.0,120.0
img_ext049.tif,train,40.0,118.0
img_ext049.tif,train,50.0,91.0
img_ext049.tif,train,57.0,115.0
img_ext049.tif,train,63.0,100.0
img_ext049.tif,train,66.0,83.0
img_ext049.tif,train,72.0,120.0
img_ext049.tif,train,79.0,84.0
img_ext049.tif,train,82.0,107.0
img_ext050.tif,train,34.0,49.0
img_ext050.tif,train,36.0,33.0
img_ext050.tif,train,45.0,56.0
img_ext050.tif,train,46.0,47.0
img_ext050.tif,train,49.0,28.0
img_ext050.tif,train,57.0,47.0
img_ext050.tif,train,63.0,24.0
img_ext050.tif,train,64.0,36.0
img_ext050.tif,train,65.0,50.0
img_ext051.tif,train,5.0,81.0
img_ext051.tif,train,9.0,117.0
img_ext051.tif,train,11.0,103.0
img_ext051.tif,train,22.0,110.0
img_ext051.tif,train,45.0,118.0
img_ext051.tif,train,56.0,109.0
img_ext051.tif,train,59.0,123.0
img_ext051.tif,train,103.0,112.0
img_ext051.tif,train,115.0,105.0
img_ext051.tif,train,116.0,91.0
img_ext051.tif,train,117.0,118.0
img_ext052.tif,train,15.0,84.0
img_ext052.tif,train,20.0,71.0
img_ext052.tif,train,29.0,81.0
img_ext052.tif,train,73.0,121.0
img_ext052.tif,train,75.0,109.0
img_ext052.tif,train,82.0,105.0
img_ext052.tif,train,83.0,119.0
img_ext052.tif,train,90.0,33.0
img_ext052.tif,train,89.0,99.0
img_ext052.tif,train,96.0,120.0
img_ext052.tif,train,98.0,105.0
img_ext052.tif,train,99.0,91.0
img_ext052.tif,train,106.0,33.0
img_ext052.tif,train,107.0,100.0
img_ext052.tif,train,109.0,87.0
img_ext052.tif,train,110.0,113.0
img_ext052.tif,train,118.0,21.0
img_ext052.tif,train,118.0,43.0
img_ext052.tif,train,122.0,34.0
img_ext052.tif,train,121.0,96.0
img_ext053.tif,train,30.0,69.0
img_ext053.tif,train,43.0,73.0
img_ext053.tif,train,47.0,57.0
img_ext053.tif,train,54.0,94.0
img_ext053.tif,train,55.0,47.0
img_ext053.tif,train,55.0,72.0
img_ext053.tif,train,57.0,11.0
img_ext053.tif,train,62.0,61.0
img_ext053.tif,train,69.0,121.0
img_ext053.tif,train,70.0,105.0
img_ext053.tif,train,79.0,116.0
img_ext054.tif,train,5.0,58.0
img_ext054.tif,train,9.0,110.0
img_ext054.tif,train,11.0,121.0
img_ext054.tif,train,12.0,37.0
img_ext054.tif,train,15.0,97.0
img_ext054.tif,train,18.0,54.0
img_ext054.tif,train,18.0,113.0
img_ext054.tif,train,23.0,89.0
img_ext054.tif,train,22.0,122.0
img_ext054.tif,train,23.0,57.0
img_ext054.tif,train,28.0,103.0
img_ext054.tif,train,31.0,40.0
img_ext054.tif,train,31.0,67.0
img_ext054.tif,train,35.0,15.0
img_ext054.tif,train,35.0,6.0
img_ext054.tif,train,36.0,53.0
img_ext054.tif,train,44.0,7.0
img_ext054.tif,train,44.0,18.0
img_ext054.tif,train,44.0,25.0
img_ext054.tif,train,48.0,45.0
img_ext054.tif,train,54.0,19.0
img_ext054.tif,train,58.0,25.0
img_ext054.tif,train,66.0,17.0
img_ext054.tif,train,82.0,107.0
img_ext054.tif,train,83.0,120.0
img_ext054.tif,train,90.0,8.0
img_ext054.tif,train,92.0,38.0
img_ext054.tif,train,99.0,109.0
img_ext054.tif,train,102.0,45.0
img_ext054.tif,train,103.0,31.0
img_ext054.tif,train,107.0,113.0
img_ext054.tif,train,114.0,29.0
img_ext054.tif,train,113.0,56.0
img_ext054.tif,train,114.0,40.0
img_ext054.tif,train,117.0,25.0
img_ext054.tif,train,119.0,95.0
img_ext055.tif,train,9.0,57.0
img_ext055.tif,train,10.0,42.0
img_ext055.tif,train,14.0,12.0
img_ext055.tif,train,17.0,91.0
img_ext055.tif,train,20.0,50.0
img_ext055.tif,train,21.0,35.0
img_ext055.tif,train,25.0,78.0
img_ext055.tif,train,28.0,34.0
img_ext055.tif,train,30.0,8.0
img_ext055.tif,train,31.799999999999997,91.19999999999999
img_ext055.tif,train,37.0,47.0
img_ext055.tif,train,38.0,21.0
img_ext055.tif,train,40.0,34.0
img_ext055.tif,train,47.0,8.0
img_ext055.tif,train,48.0,67.0
img_ext055.tif,train,53.0,49.0
img_ext055.tif,train,59.0,76.0
img_ext055.tif,train,60.0,60.0
img_ext055.tif,train,64.0,43.0
img_ext055.tif,train,70.0,68.0
img_ext055.tif,train,75.0,14.0
img_ext056.tif,train,10.0,78.0
img_ext056.tif,train,14.0,90.0
img_ext056.tif,train,29.0,87.0
img_ext056.tif,train,40.0,93.0
img_ext056.tif,train,40.0,80.0
img_ext056.tif,train,66.0,70.0
img_ext056.tif,train,70.0,59.0
img_ext056.tif,train,83.0,53.0
img_ext056.tif,train,97.0,19.0
img_ext056.tif,train,98.0,40.0
img_ext056.tif,train,102.0,97.0
img_ext056.tif,train,104.0,6.0
img_ext056.tif,train,107.0,28.0
img_ext056.tif,train,114.0,16.0
img_ext056.tif,train,115.0,92.0
img_ext057.tif,train,9.0,114.0
img_ext057.tif,train,17.0,103.0
img_ext057.tif,train,23.0,116.0
img_ext057.tif,train,30.0,33.0
img_ext057.tif,train,31.0,106.0
img_ext057.tif,train,37.0,77.0
img_ext057.tif,train,39.0,62.0
img_ext057.tif,train,40.0,44.0
img_ext057.tif,train,46.0,30.0
img_ext057.tif,train,46.0,86.0
img_ext057.tif,train,50.0,70.0
img_ext057.tif,train,53.0,40.0
img_ext057.tif,train,53.0,81.0
img_ext057.tif,train,65.0,50.0
img_ext057.tif,train,68.0,37.0
img_ext057.tif,train,67.0,81.0
img_ext057.tif,train,73.0,68.0
img_ext057.tif,train,80.0,58.0
img_ext057.tif,train,79.0,79.0
img_ext057.tif,train,81.0,40.0
img_ext057.tif,train,95.0,70.0
img_ext057.tif,train,96.0,50.0
img_ext057.tif,train,99.0,84.0
img_ext057.tif,train,105.0,61.0
img_ext057.tif,train,106.0,73.0
img_ext057.tif,train,112.0,83.0
img_ext057.tif,train,119.0,70.0
img_ext058.tif,train,5.0,101.0
img_ext058.tif,train,6.0,87.0
img_ext058.tif,train,6.0,116.0
img_ext058.tif,train,14.0,81.0
img_ext058.tif,train,13.0,108.0
img_ext058.tif,train,15.0,118.0
img_ext058.tif,train,16.0,96.0
img_ext058.tif,train,21.0,63.0
img_ext058.tif,train,23.0,77.0
img_ext058.tif,train,23.0,92.0
img_ext058.tif,train,26.0,103.0
img_ext058.tif,train,28.0,70.0
img_ext058.tif,train,31.0,55.0
img_ext058.tif,train,37.0,79.0
img_ext058.tif,train,42.0,64.0
img_ext058.tif,train,48.0,92.0
img_ext058.tif,train,52.0,105.0
img_ext058.tif,train,54.0,74.0
img_ext058.tif,train,60.0,85.0
img_ext058.tif,train,63.0,96.0
img_ext058.tif,train,68.0,75.0
img_ext058.tif,train,71.0,88.0
img_ext058.tif,train,72.0,64.0
img_ext058.tif,train,75.0,50.0
img_ext058.tif,train,78.0,78.0
img_ext058.tif,train,84.0,60.0
img_ext058.tif,train,88.0,71.0
img_ext058.tif,train,88.0,48.0
img_ext058.tif,train,92.0,36.0
img_ext058.tif,train,98.0,21.0
img_ext058.tif,train,101.0,60.0
img_ext058.tif,train,106.0,30.0
img_ext058.tif,train,105.0,46.0
img_ext058.tif,train,109.0,16.0
img_ext058.tif,train,112.0,51.0
img_ext058.tif,train,114.0,38.0
img_ext058.tif,train,116.0,62.0
img_ext058.tif,train,116.0,18.0
img_ext058.tif,train,117.0,74.0
img_ext058.tif,train,120.0,27.0
img_ext059.tif,train,13.0,119.0
img_ext059.tif,train,94.0,78.0
img_ext059.tif,train,98.0,65.0
img_ext059.tif,train,99.0,51.0
img_ext059.tif,train,104.0,76.0
img_ext059.tif,train,107.0,89.0
img_ext059.tif,train,108.0,43.0
img_ext059.tif,train,114.0,73.0
img_ext059.tif,train,114.0,54.0
img_ext059.tif,train,119.0,84.0
img_ext059.tif,train,120.0,96.0
img_ext059.tif,train,123.0,121.0
img_ext060.tif,val,3.0,53.0
img_ext060.tif,val,4.0,40.0
img_ext060.tif,val,5.0,64.0
img_ext060.tif,val,7.0,116.0
img_ext060.tif,val,10.0,101.0
img_ext060.tif,val,14.0,74.0
img_ext060.tif,val,16.0,26.0
img_ext060.tif,val,16.0,62.0
img_ext060.tif,val,17.0,44.0
img_ext060.tif,val,19.0,13.0
img_ext060.tif,val,23.0,97.0
img_ext060.tif,val,27.0,7.0
img_ext060.tif,val,27.0,71.0
img_ext060.tif,val,31.624999999999993,86.25
img_ext060.tif,val,35.0,44.0
img_ext060.tif,val,35.0,22.0
img_ext060.tif,val,39.0,55.0
img_ext060.tif,val,40.0,11.0
img_ext060.tif,val,41.0,32.0
img_ext060.tif,val,48.0,45.0
img_ext060.tif,val,52.0,8.0
img_ext060.tif,val,55.0,34.0
img_ext060.tif,val,59.0,21.0
img_ext060.tif,val,65.0,10.0
img_ext060.tif,val,68.0,39.0
img_ext060.tif,val,72.0,24.0
img_ext060.tif,val,76.0,97.0
img_ext060.tif,val,80.0,13.0
img_ext060.tif,val,86.0,96.0
img_ext060.tif,val,89.0,5.0
img_ext060.tif,val,91.0,117.0
img_ext060.tif,val,92.0,16.0
img_ext060.tif,val,93.0,103.0
img_ext060.tif,val,104.0,119.0
img_ext060.tif,val,105.0,99.0
img_ext060.tif,val,107.0,108.0
img_ext060.tif,val,115.0,119.0
img_ext060.tif,val,119.0,98.0
img_ext060.tif,val,121.0,108.0
img_ext061.tif,val,16.0,18.0
img_ext061.tif,val,35.0,35.0
img_ext061.tif,val,39.0,23.0
img_ext061.tif,val,44.0,38.0
img_ext061.tif,val,49.0,14.0
img_ext061.tif,val,53.0,47.0
img_ext061.tif,val,54.0,33.0
img_ext061.tif,val,63.0,7.0
img_ext061.tif,val,64.0,22.0
img_ext061.tif,val,67.0,43.0
img_ext061.tif,val,73.0,29.0
img_ext061.tif,val,73.0,68.0
img_ext061.tif,val,76.0,55.0
img_ext061.tif,val,81.0,41.0
img_ext061.tif,val,89.0,59.0
img_ext061.tif,val,92.0,71.0
img_ext061.tif,val,93.0,85.0
img_ext061.tif,val,95.0,40.0
img_ext061.tif,val,102.0,63.0
img_ext061.tif,val,108.0,82.0
img_ext061.tif,val,116.0,62.0
img_ext061.tif,val,119.0,75.0
img_ext061.tif,val,121.0,36.0
img_ext062.tif,val,6.0,16.0
img_ext062.tif,val,8.0,29.0
img_ext062.tif,val,15.0,9.0
img_ext062.tif,val,28.0,13.0
img_ext062.tif,val,29.0,26.0
img_ext062.tif,val,33.0,18.0
img_ext062.tif,val,40.0,9.0
img_ext062.tif,val,42.0,28.0
img_ext062.tif,val,48.0,18.0
img_ext062.tif,val,50.0,4.0
img_ext062.tif,val,51.0,75.0
img_ext062.tif,val,54.0,29.0
img_ext062.tif,val,53.0,108.0
img_ext062.tif,val,58.0,121.0
img_ext062.tif,val,61.0,59.0
img_ext062.tif,val,63.0,83.0
img_ext062.tif,val,65.0,44.0
img_ext062.tif,val,66.0,94.0
img_ext062.tif,val,66.0,109.0
img_ext062.tif,val,67.0,70.0
img_ext062.tif,val,70.0,24.0
img_ext062.tif,val,72.0,58.0
img_ext062.tif,val,72.0,120.0
img_ext062.tif,val,73.0,36.0
img_ext062.tif,val,74.0,82.0
img_ext062.tif,val,76.0,12.0
img_ext062.tif,val,76.0,48.0
img_ext062.tif,val,78.0,104.0
img_ext062.tif,val,80.0,70.0
img_ext062.tif,val,83.0,23.0
img_ext062.tif,val,84.0,4.0
img_ext062.tif,val,84.0,94.0
img_ext062.tif,val,85.0,57.0
img_ext062.tif,val,88.0,82.0
img_ext062.tif,val,89.0,45.0
img_ext062.tif,val,91.0,68.0
img_ext062.tif,val,93.0,32.0
img_ext062.tif,val,95.0,20.0
img_ext062.tif,val,98.0,55.0
img_ext062.tif,val,101.0,78.0
img_ext062.tif,val,104.0,41.0
img_ext062.tif,val,106.0,12.0
img_ext062.tif,val,108.0,25.0
img_ext062.tif,val,107.0,66.0
img_ext062.tif,val,114.0,50.0
img_ext062.tif,val,116.0,34.0
img_ext062.tif,val,116.0,64.0
img_ext062.tif,val,118.0,9.0
img_ext062.tif,val,120.0,22.0
img_ext063.tif,val,20.0,56.0
img_ext063.tif,val,22.0,85.0
img_ext063.tif,val,24.0,68.0
img_ext063.tif,val,26.0,43.0
img_ext063.tif,val,30.0,98.0
img_ext063.tif,val,34.0,58.0
img_ext063.tif,val,36.0,84.0
img_ext063.tif,val,37.87499999999999,70.75
img_ext063.tif,val,53.0,37.0
img_ext063.tif,val,76.0,103.0
img_ext063.tif,val,77.0,37.0
img_ext063.tif,val,81.0,79.0
img_ext063.tif,val,83.0,92.0
img_ext063.tif,val,84.0,50.0
img_ext063.tif,val,87.0,60.0
img_ext063.tif,val,88.0,106.0
img_ext063.tif,val,92.0,68.0
img_ext063.tif,val,93.0,4.0
img_ext063.tif,val,95.25,39.875
img_ext063.tif,val,96.24999999999999,49.875
img_ext063.tif,val,95.0,81.0
img_ext063.tif,val,96.0,95.0
img_ext063.tif,val,98.125,15.875
img_ext063.tif,val,102.75,27.625
img_ext063.tif,val,102.0,67.0
img_ext063.tif,val,107.0,6.0
img_ext063.tif,val,107.12500000000001,120.125
img_ext064.tif,val,12.0,74.0
img_ext064.tif,val,14.0,60.0
img_ext064.tif,val,17.0,88.0
img_ext064.tif,val,20.0,51.0
img_ext064.tif,val,24.0,43.0
img_ext064.tif,val,26.0,70.0
img_ext064.tif,val,29.0,57.0
img_ext064.tif,val,34.0,48.0
img_ext064.tif,val,37.0,64.0
img_ext064.tif,val,37.0,77.0
img_ext064.tif,val,47.0,47.0
img_ext064.tif,val,49.0,59.0
img_ext064.tif,val,51.0,73.0
img_ext064.tif,val,59.0,54.0
img_ext064.tif,val,63.0,65.0
img_ext064.tif,val,64.0,79.0
img_ext064.tif,val,75.0,70.0
img_ext064.tif,val,87.0,66.0
img_ext064.tif,val,119.0,117.0
img_ext065.tif,val,3.0,15.0
img_ext065.tif,val,4.0,27.0
img_ext065.tif,val,6.0,61.0
img_ext065.tif,val,11.0,109.0
img_ext065.tif,val,14.0,22.0
img_ext065.tif,val,15.0,37.0
img_ext065.tif,val,17.0,53.0
img_ext065.tif,val,20.0,74.0
img_ext065.tif,val,21.0,99.0
img_ext065.tif,val,25.0,61.0
img_ext065.tif,val,27.0,48.0
img_ext065.tif,val,30.0,14.0
img_ext065.tif,val,32.0,108.0
img_ext065.tif,val,34.0,30.0
img_ext065.tif,val,34.0,94.0
img_ext065.tif,val,35.0,70.0
img_ext065.tif,val,40.0,55.0
img_ext065.tif,val,40.0,41.0
img_ext065.tif,val,44.0,20.0
img_ext065.tif,val,48.0,10.0
img_ext065.tif,val,54.0,46.0
img_ext065.tif,val,58.0,34.0
img_ext065.tif,val,58.0,5.0
img_ext065.tif,val,60.0,20.0
img_ext065.tif,val,70.0,12.0
img_ext065.tif,val,73.0,46.0
img_ext065.tif,val,79.0,34.0
img_ext065.tif,val,94.5,81.0
img_ext065.tif,val,99.0,33.0
img_ext065.tif,val,100.0,48.0
img_ext066.tif,val,7.0,81.0
img_ext066.tif,val,52.0,115.0
img_ext066.tif,val,55.0,91.0
img_ext066.tif,val,60.0,79.0
img_ext066.tif,val,62.0,101.0
img_ext066.tif,val,66.0,66.0
img_ext066.tif,val,67.0,123.0
img_ext066.tif,val,69.0,91.0
img_ext066.tif,val,72.0,109.0
img_ext066.tif,val,74.0,77.0
img_ext066.tif,val,79.0,99.0
img_ext066.tif,val,83.0,118.0
img_ext066.tif,val,85.0,83.0
img_ext066.tif,val,87.0,107.0
img_ext066.tif,val,94.0,92.0
img_ext066.tif,val,100.0,125.0
img_ext066.tif,val,113.0,123.0
img_ext066.tif,val,119.0,111.0
img_ext066.tif,val,123.0,44.0
img_ext067.tif,val,6.0,64.0
img_ext067.tif,val,12.0,50.0
img_ext067.tif,val,20.0,40.0
img_ext067.tif,val,32.62499999999999,45.0
img_ext067.tif,val,54.0,94.0
img_ext067.tif,val,57.0,120.0
img_ext067.tif,val,59.0,106.0
img_ext067.tif,val,69.125,114.375
img_ext067.tif,val,76.0,108.0
img_ext067.tif,val,84.0,62.0
img_ext067.tif,val,93.0,73.0
img_ext067.tif,val,95.0,54.0
img_ext067.tif,val,98.625,85.375
img_ext067.tif,val,104.0,62.0
img_ext067.tif,val,108.0,100.0
img_ext067.tif,val,108.0,38.0
img_ext067.tif,val,108.0,50.0
img_ext067.tif,val,108.0,76.0
img_ext067.tif,val,115.0,88.0
img_ext067.tif,val,116.0,111.0
img_ext067.tif,val,118.0,65.0
img_ext067.tif,val,121.0,51.0
img_ext067.tif,val,121.0,38.0
img_ext067.tif,val,122.0,98.0
img_ext068.tif,val,6.0,88.0
img_ext068.tif,val,16.0,105.0
img_ext068.tif,val,15.0,116.0
img_ext068.tif,val,19.0,93.0
img_ext068.tif,val,25.0,104.0
img_ext068.tif,val,28.0,23.0
img_ext068.tif,val,30.0,34.0
img_ext068.tif,val,31.0,10.0
img_ext068.tif,val,32.0,47.0
img_ext068.tif,val,35.0,60.0
img_ext068.tif,val,35.0,73.0
img_ext068.tif,val,42.0,30.0
img_ext068.tif,val,43.0,16.0
img_ext068.tif,val,43.0,121.0
img_ext068.tif,val,45.0,41.0
img_ext068.tif,val,45.625,100.375
img_ext068.tif,val,49.0,57.0
img_ext068.tif,val,50.0,24.0
img_ext068.tif,val,52.0,6.0
img_ext068.tif,val,53.0,37.0
img_ext068.tif,val,54.0,50.0
img_ext068.tif,val,59.0,64.0
img_ext068.tif,val,60.0,17.0
img_ext068.tif,val,63.0,29.0
img_ext068.tif,val,67.0,44.0
img_ext068.tif,val,67.0,55.0
img_ext068.tif,val,75.0,23.0
img_ext068.tif,val,76.0,35.0
img_ext068.tif,val,79.0,10.0
img_ext068.tif,val,84.0,15.0
img_ext068.tif,val,91.0,30.0
img_ext068.tif,val,92.0,11.0
img_ext068.tif,val,104.0,5.0
img_ext069.tif,val,35.0,76.0
img_ext069.tif,val,40.0,111.0
img_ext069.tif,val,44.0,85.0
img_ext069.tif,val,47.0,99.0
img_ext069.tif,val,55.0,109.0
img_ext069.tif,val,56.0,86.0
img_ext069.tif,val,61.0,98.0
img_ext069.tif,val,68.0,111.0
img_ext069.tif,val,69.0,85.0
img_ext069.tif,val,75.0,98.0
img_ext069.tif,val,115.0,65.0
img_ext069.tif,val,115.0,80.0
img_ext069.tif,val,115.0,114.0
img_ext070.tif,val,32.0,105.0
img_ext070.tif,val,38.0,92.0
img_ext070.tif,val,39.0,115.0
img_ext070.tif,val,45.0,106.0
img_ext070.tif,val,51.0,90.0
img_ext070.tif,val,55.0,78.0
img_ext070.tif,val,60.0,66.0
img_ext070.tif,val,69.0,76.0
img_ext070.tif,val,73.0,62.0
img_ext070.tif,val,78.0,86.0
img_ext070.tif,val,81.0,72.0
img_ext070.tif,val,84.0,59.0
img_ext070.tif,val,90.0,67.0
img_ext070.tif,val,91.0,80.0
img_ext070.tif,val,96.0,51.0
img_ext070.tif,val,96.0,69.0
img_ext070.tif,val,100.0,59.0
img_ext070.tif,val,103.0,79.0
img_ext070.tif,val,106.0,87.0
img_ext070.tif,val,111.0,66.0
img_ext070.tif,val,115.0,53.0
img_ext070.tif,val,117.0,78.0
img_ext071.tif,val,7.0,86.0
img_ext071.tif,val,7.0,112.0
img_ext071.tif,val,12.0,99.0
img_ext071.tif,val,19.0,90.0
img_ext071.tif,val,30.0,82.0
img_ext071.tif,val,29.0,97.0
img_ext071.tif,val,31.0,110.0
img_ext071.tif,val,39.0,72.0
img_ext071.tif,val,43.0,86.0
img_ext071.tif,val,44.0,98.0
img_ext071.tif,val,53.0,69.0
img_ext071.tif,val,59.0,81.0
img_ext071.tif,val,62.0,93.0
img_ext071.tif,val,68.0,61.0
img_ext071.tif,val,72.0,83.0
img_ext071.tif,val,73.0,71.0
img_ext071.tif,val,78.0,98.0
img_ext071.tif,val,81.0,111.0
img_ext071.tif,val,89.0,54.0
img_ext071.tif,val,92.0,102.0
img_ext071.tif,val,95.0,71.0
img_ext071.tif,val,95.0,84.0
img_ext071.tif,val,103.0,41.0
img_ext071.tif,val,108.0,71.0
img_ext071.tif,val,110.0,86.0
img_ext071.tif,val,117.0,42.0
img_ext071.tif,val,120.0,77.0
img_ext071.tif,val,119.0,99.0
img_ext071.tif,val,121.0,6.0
img_ext072.tif,val,6.0,62.0
img_ext072.tif,val,6.0,100.0
img_ext072.tif,val,11.0,120.0
img_ext072.tif,val,13.0,54.0
img_ext072.tif,val,13.0,74.0
img_ext072.tif,val,19.0,59.0
img_ext072.tif,val,22.0,82.0
img_ext072.tif,val,22.0,96.0
img_ext072.tif,val,23.0,50.0
img_ext072.tif,val,26.0,35.0
img_ext072.tif,val,26.0,68.0
img_ext072.tif,val,25.0,108.0
img_ext072.tif,val,31.0,121.0
img_ext072.tif,val,31.0,57.0
img_ext072.tif,val,33.0,88.0
img_ext072.tif,val,34.0,45.0
img_ext072.tif,val,35.0,78.0
img_ext072.tif,val,35.0,101.0
img_ext072.tif,val,38.0,10.0
img_ext072.tif,val,39.0,113.0
img_ext072.tif,val,45.0,53.0
img_ext072.tif,val,46.0,20.0
img_ext072.tif,val,47.0,38.0
img_ext072.tif,val,47.0,67.0
img_ext072.tif,val,48.0,79.0
img_ext072.tif,val,52.0,95.0
img_ext072.tif,val,53.0,11.0
img_ext072.tif,val,53.0,107.0
img_ext072.tif,val,56.0,119.0
img_ext072.tif,val,58.0,29.0
img_ext072.tif,val,59.0,66.0
img_ext072.tif,val,60.0,41.0
img_ext072.tif,val,64.0,87.0
img_ext072.tif,val,65.0,77.0
img_ext072.tif,val,67.0,21.0
img_ext072.tif,val,68.0,107.0
img_ext072.tif,val,68.0,6.0
img_ext072.tif,val,75.0,69.0
img_ext072.tif,val,75.0,94.0
img_ext072.tif,val,76.0,83.0
img_ext072.tif,val,77.0,117.0
img_ext072.tif,val,89.0,82.0
img_ext072.tif,val,89.0,96.0
img_ext073.tif,val,22.0,17.0
img_ext073.tif,val,34.0,29.0
img_ext073.tif,val,35.0,16.0
img_ext073.tif,val,37.0,50.0
img_ext073.tif,val,40.0,6.0
img_ext073.tif,val,41.0,39.0
img_ext073.tif,val,44.0,83.0
img_ext073.tif,val,45.0,25.0
img_ext073.tif,val,47.0,59.0
img_ext073.tif,val,50.0,10.0
img_ext073.tif,val,50.0,72.0
img_ext073.tif,val,53.0,49.0
img_ext073.tif,val,56.0,19.0
img_ext073.tif,val,57.0,34.0
img_ext073.tif,val,57.0,85.0
img_ext073.tif,val,57.0,121.0
img_ext073.tif,val,60.0,64.0
img_ext073.tif,val,63.0,11.0
img_ext073.tif,val,65.0,46.0
img_ext073.tif,val,68.0,23.0
img_ext073.tif,val,69.0,58.0
img_ext073.tif,val,74.0,9.0
img_ext073.tif,val,79.0,21.0
img_ext073.tif,val,80.0,50.0
img_ext073.tif,val,79.0,75.0
img_ext073.tif,val,82.0,32.0
img_ext073.tif,val,84.0,69.0
img_ext073.tif,val,87.0,9.0
img_ext073.tif,val,93.0,18.0
img_ext073.tif,val,94.0,44.0
img_ext073.tif,val,95.0,31.0
img_ext073.tif,val,94.0,75.0
img_ext073.tif,val,96.0,61.0
img_ext073.tif,val,104.0,32.0
img_ext073.tif,val,105.0,20.0
img_ext073.tif,val,107.0,56.0
img_ext073.tif,val,116.0,46.0
img_ext073.tif,val,119.0,110.0
img_ext073.tif,val,120.0,60.0
img_ext073.tif,val,123.0,20.0
img_ext074.tif,val,12.0,43.0
img_ext074.tif,val,19.0,34.0
img_ext074.tif,val,21.0,29.0
img_ext074.tif,val,23.0,41.0
img_ext074.tif,val,31.0,50.0
img_ext074.tif,val,31.0,75.0
img_ext074.tif,val,33.0,31.0
img_ext074.tif,val,37.0,63.0
img_ext074.tif,val,39.0,86.0
img_ext074.tif,val,41.0,41.0
img_ext074.tif,val,44.0,53.0
img_ext074.tif,val,45.0,73.0
img_ext074.tif,val,55.0,82.0
img_ext074.tif,val,56.0,66.0
img_ext074.tif,val,59.0,55.0
img_ext074.tif,val,65.0,83.0
img_ext074.tif,val,67.0,71.0
img_ext074.tif,val,71.0,57.0
img_ext074.tif,val,76.0,92.0
img_ext074.tif,val,78.0,77.0
img_ext074.tif,val,81.0,64.0
img_ext074.tif,val,84.0,54.0
img_ext074.tif,val,89.0,86.0
img_ext074.tif,val,92.0,73.0
img_ext074.tif,val,110.0,60.0
img_ext074.tif,val,114.0,48.0
img_ext074.tif,val,115.0,72.0
img_ext074.tif,val,116.0,104.0
img_ext074.tif,val,117.0,91.0
img_ext074.tif,val,122.0,38.0
img_ext075.tif,test,5.0,40.0
img_ext075.tif,test,6.0,82.0
img_ext075.tif,test,9.0,14.0
img_ext075.tif,test,10.0,58.0
img_ext075.tif,test,13.0,40.0
img_ext075.tif,test,13.0,105.0
img_ext075.tif,test,14.0,73.0
img_ext075.tif,test,15.0,93.0
img_ext075.tif,test,21.0,17.0
img_ext075.tif,test,21.0,82.0
img_ext075.tif,test,22.0,40.0
img_ext075.tif,test,23.0,62.0
img_ext075.tif,test,27.0,28.0
img_ext075.tif,test,27.0,96.0
img_ext075.tif,test,28.0,48.0
img_ext075.tif,test,32.0,77.0
img_ext075.tif,test,35.0,20.0
img_ext075.tif,test,36.0,64.0
img_ext075.tif,test,38.0,91.0
img_ext075.tif,test,41.0,33.0
img_ext075.tif,test,41.0,46.0
img_ext075.tif,test,43.0,75.0
img_ext075.tif,test,48.0,107.0
img_ext075.tif,test,48.0,62.0
img_ext075.tif,test,51.0,94.0
img_ext075.tif,test,53.0,36.0
img_ext075.tif,test,56.0,50.0
img_ext075.tif,test,58.0,117.0
img_ext075.tif,test,61.0,104.0
img_ext075.tif,test,65.0,91.0
img_ext075.tif,test,70.0,78.0
img_ext075.tif,test,69.0,110.0
img_ext075.tif,test,71.0,61.0
img_ext075.tif,test,74.0,123.0
img_ext075.tif,test,79.0,91.0
img_ext075.tif,test,80.0,113.0
img_ext075.tif,test,87.0,103.0
img_ext075.tif,test,92.0,89.0
img_ext075.tif,test,103.0,107.0
img_ext075.tif,test,107.0,95.0
img_ext075.tif,test,110.0,118.0
img_ext075.tif,test,116.0,107.0
img_ext075.tif,test,121.0,118.0
img_ext076.tif,test,7.0,50.0
img_ext076.tif,test,18.0,115.0
img_ext076.tif,test,31.0,118.0
img_ext076.tif,test,35.0,74.0
img_ext076.tif,test,36.0,100.0
img_ext076.tif,test,46.0,90.0
img_ext076.tif,test,48.0,68.0
img_ext076.tif,test,55.124999999999986,116.25
img_ext076.tif,test,83.0,57.0
img_ext076.tif,test,84.0,42.0
img_ext076.tif,test,89.0,31.0
img_ext076.tif,test,89.0,89.0
img_ext076.tif,test,92.0,18.0
img_ext076.tif,test,95.0,101.0
img_ext076.tif,test,95.0,112.0
img_ext076.tif,test,96.0,55.0
img_ext076.tif,test,98.0,41.0
img_ext076.tif,test,104.0,10.0
img_ext076.tif,test,105.0,64.0
img_ext076.tif,test,105.0,97.0
img_ext076.tif,test,107.0,24.0
img_ext076.tif,test,107.0,49.0
img_ext076.tif,test,108.0,80.0
img_ext076.tif,test,111.0,109.0
img_ext076.tif,test,114.0,16.0
img_ext076.tif,test,114.0,70.0
img_ext076.tif,test,116.0,40.0
img_ext076.tif,test,116.0,89.0
img_ext076.tif,test,117.0,60.0
img_ext076.tif,test,117.0,9.0
img_ext076.tif,test,118.0,27.0
img_ext076.tif,test,120.0,81.0
img_ext076.tif,test,122.0,51.0
img_ext076.tif,test,123.0,107.0
img_ext077.tif,test,37.0,59.0
img_ext077.tif,test,47.0,83.0
img_ext077.tif,test,48.0,71.0
img_ext077.tif,test,51.0,55.0
img_ext077.tif,test,61.0,68.0
img_ext077.tif,test,62.0,82.0
img_ext077.tif,test,63.0,55.0
img_ext077.tif,test,75.0,64.0
img_ext078.tif,test,30.0,14.0
img_ext078.tif,test,44.0,13.0
img_ext078.tif,test,53.0,22.0
img_ext078.tif,test,60.0,12.0
img_ext078.tif,test,63.0,29.0
img_ext078.tif,test,64.0,43.0
img_ext078.tif,test,69.0,55.0
img_ext078.tif,test,71.0,19.0
img_ext078.tif,test,71.0,8.0
img_ext078.tif,test,77.0,34.0
img_ext078.tif,test,80.0,48.0
img_ext078.tif,test,84.0,24.0
img_ext078.tif,test,87.0,10.0
img_ext078.tif,test,102.0,14.0
img_ext078.tif,test,112.0,5.0
img_ext078.tif,test,117.0,15.0
img_ext078.tif,test,123.0,25.0
img_ext079.tif,test,53.0,31.0
img_ext079.tif,test,55.0,9.0
img_ext079.tif,test,60.0,20.0
img_ext079.tif,test,62.0,49.0
img_ext079.tif,test,64.0,71.0
img_ext079.tif,test,64.0,82.0
img_ext079.tif,test,67.0,8.0
img_ext079.tif,test,67.0,32.0
img_ext079.tif,test,74.0,43.0
img_ext079.tif,test,74.0,89.0
img_ext079.tif,test,75.0,18.0
img_ext079.tif,test,77.0,77.0
img_ext079.tif,test,78.0,55.0
img_ext079.tif,test,84.0,65.0
img_ext079.tif,test,86.0,26.0
img_ext079.tif,test,86.0,46.0
img_ext079.tif,test,88.0,96.0
img_ext079.tif,test,89.0,10.0
img_ext079.tif,test,91.0,77.0
img_ext079.tif,test,94.0,58.0
img_ext079.tif,test,99.0,88.0
img_ext079.tif,test,99.0,23.0
img_ext079.tif,test,99.0,42.0
img_ext079.tif,test,107.0,10.0
img_ext079.tif,test,106.0,33.0
img_ext079.tif,test,106.0,55.0
img_ext079.tif,test,108.0,106.0
img_ext079.tif,test,112.0,22.0
img_ext079.tif,test,114.0,46.0
img_ext079.tif,test,115.0,93.0
img_ext079.tif,test,116.0,103.0
img_ext079.tif,test,117.0,116.0
img_ext079.tif,test,122.0,30.0
img_ext079.tif,test,124.0,90.0
img_ext080.tif,test,5.0,24.0
img_ext080.tif,test,13.0,10.0
img_ext080.tif,test,31.0,121.0
img_ext080.tif,test,66.0,60.0
img_ext080.tif,test,70.0,47.0
img_ext080.tif,test,80.0,56.0
img_ext080.tif,test,89.0,69.0
img_ext080.tif,test,93.0,39.0
img_ext080.tif,test,99.0,26.0
img_ext080.tif,test,109.0,93.0
img_ext080.tif,test,114.0,17.0
img_ext080.tif,test,117.0,105.0
img_ext080.tif,test,123.0,95.0
img_ext081.tif,test,7.0,105.0
img_ext081.tif,test,12.0,120.0
img_ext081.tif,test,20.0,106.0
img_ext081.tif,test,20.0,114.0
img_ext081.tif,test,23.0,121.0
img_ext081.tif,test,33.0,115.0
img_ext081.tif,test,40.0,80.0
img_ext081.tif,test,39.0,103.0
img_ext081.tif,test,42.0,93.0
img_ext081.tif,test,44.0,124.0
img_ext081.tif,test,50.0,71.0
img_ext081.tif,test,54.0,98.0
img_ext081.tif,test,54.0,85.0
img_ext081.tif,test,57.0,113.0
img_ext081.tif,test,57.0,62.0
img_ext081.tif,test,65.0,69.0
img_ext081.tif,test,67.0,101.0
img_ext081.tif,test,69.0,52.0
img_ext081.tif,test,69.0,84.0
img_ext081.tif,test,71.0,119.0
img_ext081.tif,test,77.0,63.0
img_ext081.tif,test,80.0,51.0
img_ext081.tif,test,87.0,35.0
img_ext081.tif,test,89.0,61.0
img_ext081.tif,test,93.0,48.0
img_ext081.tif,test,100.0,32.0
img_ext081.tif,test,103.0,57.0
img_ext081.tif,test,106.0,43.0
img_ext081.tif,test,110.0,68.0
img_ext081.tif,test,111.0,80.0
img_ext081.tif,test,116.0,52.0
img_ext081.tif,test,119.0,10.0
img_ext081.tif,test,120.0,77.0
img_ext081.tif,test,121.0,23.0
img_ext082.tif,test,8.0,100.0
img_ext082.tif,test,15.0,89.0
img_ext082.tif,test,24.0,100.0
img_ext082.tif,test,28.0,28.0
img_ext082.tif,test,28.0,12.0
img_ext082.tif,test,29.0,73.0
img_ext082.tif,test,29.0,86.0
img_ext082.tif,test,33.0,110.0
img_ext082.tif,test,35.0,33.0
img_ext082.tif,test,36.0,67.0
img_ext082.tif,test,36.0,97.0
img_ext082.tif,test,40.0,21.0
img_ext082.tif,test,40.0,83.0
img_ext082.tif,test,45.0,106.0
img_ext082.tif,test,46.0,30.0
img_ext082.tif,test,45.0,116.0
img_ext082.tif,test,46.0,10.0
img_ext082.tif,test,47.0,46.0
img_ext082.tif,test,48.0,69.0
img_ext082.tif,test,48.0,95.0
img_ext082.tif,test,50.0,59.0
img_ext082.tif,test,55.0,36.0
img_ext082.tif,test,57.0,14.0
img_ext082.tif,test,56.0,115.0
img_ext082.tif,test,58.0,101.0
img_ext082.tif,test,62.0,26.0
img_ext082.tif,test,61.0,65.0
img_ext082.tif,test,61.0,75.0
img_ext082.tif,test,62.0,89.0
img_ext082.tif,test,62.0,50.0
img_ext082.tif,test,71.0,40.0
img_ext082.tif,test,72.0,24.0
img_ext082.tif,test,72.0,73.0
img_ext082.tif,test,72.0,99.0
img_ext082.tif,test,73.0,59.0
img_ext082.tif,test,73.0,119.0
img_ext082.tif,test,73.0,86.0
img_ext082.tif,test,81.0,44.0
img_ext082.tif,test,85.0,91.0
img_ext082.tif,test,90.0,120.0
img_ext083.tif,test,3.0,42.0
img_ext083.tif,test,5.0,116.0
img_ext083.tif,test,7.0,29.0
img_ext083.tif,test,8.0,103.0
img_ext083.tif,test,13.0,14.0
img_ext083.tif,test,13.0,76.0
img_ext083.tif,test,17.0,36.0
img_ext083.tif,test,17.0,114.0
img_ext083.tif,test,19.0,88.0
img_ext083.tif,test,22.0,103.0
img_ext083.tif,test,26.0,16.0
img_ext083.tif,test,31.0,74.0
img_ext083.tif,test,45.0,83.0
img_ext083.tif,test,47.0,123.0
img_ext083.tif,test,50.0,66.0
img_ext083.tif,test,51.0,98.0
img_ext083.tif,test,54.0,112.0
img_ext083.tif,test,58.0,78.0
img_ext083.tif,test,62.0,109.0
img_ext083.tif,test,71.0,78.0
img_ext083.tif,test,70.0,118.0
img_ext083.tif,test,73.0,93.0
img_ext083.tif,test,75.0,67.0
img_ext083.tif,test,78.0,104.0
img_ext083.tif,test,83.0,77.0
img_ext083.tif,test,88.0,90.0
img_ext083.tif,test,89.0,27.0
img_ext083.tif,test,95.0,98.0
img_ext083.tif,test,97.0,79.0
img_ext083.tif,test,103.0,24.0
img_ext083.tif,test,103.0,113.0
img_ext083.tif,test,106.0,89.0
img_ext083.tif,test,108.0,70.0
img_ext083.tif,test,109.0,103.0
img_ext083.tif,test,117.0,82.0
img_ext083.tif,test,119.0,31.0
img_ext084.tif,test,7.0,50.0
img_ext084.tif,test,7.0,72.0
img_ext084.tif,test,13.0,61.0
img_ext084.tif,test,20.0,88.0
img_ext084.tif,test,21.0,72.0
img_ext084.tif,test,24.0,99.0
img_ext084.tif,test,30.0,113.0
img_ext084.tif,test,31.0,64.0
img_ext084.tif,test,33.0,83.0
img_ext084.tif,test,37.0,93.0
img_ext084.tif,test,39.0,74.0
img_ext084.tif,test,41.0,121.0
img_ext084.tif,test,43.0,113.0
img_ext084.tif,test,44.0,62.0
img_ext084.tif,test,45.0,103.0
img_ext084.tif,test,53.0,71.0
img_ext085.tif,test,44.0,109.0
img_ext085.tif,test,55.0,101.0
img_ext085.tif,test,56.0,121.0
img_ext085.tif,test,76.0,50.0
img_ext085.tif,test,82.0,62.0
img_ext085.tif,test,93.0,71.0
img_ext085.tif,test,94.0,84.0
img_ext085.tif,test,101.0,116.0
img_ext085.tif,test,103.0,96.0
img_ext085.tif,test,107.0,57.0
img_ext085.tif,test,107.0,71.0
img_ext085.tif,test,112.0,84.0
img_ext085.tif,test,116.0,115.0
img_ext085.tif,test,118.0,107.0
img_ext085.tif,test,120.0,53.0
img_ext085.tif,test,122.0,70.0
img_ext086.tif,test,81.0,75.0
img_ext086.tif,test,85.0,61.0
img_ext086.tif,test,89.0,43.0
img_ext086.tif,test,94.0,81.0
img_ext086.tif,test,94.0,93.0
img_ext086.tif,test,95.0,52.0
img_ext086.tif,test,97.0,66.0
img_ext086.tif,test,110.0,47.0
img_ext086.tif,test,109.0,60.0
img_ext086.tif,test,119.0,121.0
img_ext087.tif,test,26.0,35.0
img_ext087.tif,test,29.0,45.0
img_ext087.tif,test,35.0,72.0
img_ext087.tif,test,39.49999999999999,45.124999999999986
img_ext087.tif,test,39.0,59.0
img_ext087.tif,test,49.0,68.0
img_ext087.tif,test,71.0,104.0
img_ext087.tif,test,71.0,89.0
img_ext087.tif,test,83.0,98.0
img_ext087.tif,test,88.0,111.0
img_ext087.tif,test,91.0,87.0
img_ext087.tif,test,95.0,100.0
img_ext087.tif,test,101.0,79.0
img_ext087.tif,test,104.0,91.0
img_ext087.tif,test,112.0,103.0
img_ext087.tif,test,122.0,85.0
img_ext088.tif,test,5.0,45.0
img_ext088.tif,test,7.0,103.0
img_ext088.tif,test,11.0,15.0
img_ext088.tif,test,17.0,23.0
img_ext088.tif,test,16.0,34.0
img_ext088.tif,test,18.0,10.0
img_ext088.tif,test,17.0,51.0
img_ext088.tif,test,27.0,27.0
img_ext088.tif,test,36.0,39.0
img_ext088.tif,test,40.0,50.0
img_ext088.tif,test,42.0,17.0
img_ext088.tif,test,47.0,35.0
img_ext088.tif,test,53.0,12.0
img_ext088.tif,test,55.0,22.0
img_ext088.tif,test,61.0,37.0
img_ext088.tif,test,67.0,25.0
img_ext088.tif,test,69.0,12.0
img_ext088.tif,test,75.0,37.0
img_ext088.tif,test,76.0,64.0
img_ext088.tif,test,78.0,24.0
img_ext088.tif,test,79.0,78.0
img_ext088.tif,test,80.0,49.0
img_ext088.tif,test,82.0,9.0
img_ext088.tif,test,88.0,37.0
img_ext088.tif,test,89.0,69.0
img_ext088.tif,test,91.0,25.0
img_ext088.tif,test,93.0,54.0
img_ext088.tif,test,93.0,81.0
img_ext088.tif,test,96.0,12.0
img_ext088.tif,test,99.0,35.0
img_ext088.tif,test,100.0,73.0
img_ext088.tif,test,103.0,61.0
img_ext088.tif,test,104.0,23.0
img_ext088.tif,test,105.0,47.0
img_ext088.tif,test,114.0,34.0
img_ext088.tif,test,117.0,22.0
img_ext089.tif,test,61.0,57.0
img_ext089.tif,test,65.0,13.0
img_ext089.tif,test,69.0,48.0
img_ext089.tif,test,72.0,24.0
img_ext089.tif,test,74.0,62.0
img_ext089.tif,test,75.0,111.0
img_ext089.tif,test,75.0,35.0
img_ext089.tif,test,77.0,7.0
img_ext089.tif,test,77.0,88.0
img_ext089.tif,test,78.0,101.0
img_ext089.tif,test,83.0,62.0
img_ext089.tif,test,84.0,47.0
img_ext089.tif,test,85.0,19.0
img_ext089.tif,test,87.0,76.0
img_ext089.tif,test,89.0,117.0
img_ext089.tif,test,92.0,38.0
img_ext089.tif,test,93.0,66.0
img_ext089.tif,test,94.0,88.0
img_ext089.tif,test,95.0,53.0
img_ext089.tif,test,100.0,75.0
img_ext089.tif,test,106.0,48.0
img_ext089.tif,test,111.0,35.0
img_ext089.tif,test,111.0,80.0
img_ext089.tif,test,112.0,57.0
img_ext089.tif,test,119.0,68.0
img_ext089.tif,test,120.0,46.0
img_ext090.tif,test,76.0,21.0
img_ext090.tif,test,78.0,35.0
img_ext090.tif,test,78.0,61.0
img_ext090.tif,test,77.0,76.0
img_ext090.tif,test,83.0,102.0
img_ext090.tif,test,84.0,49.0
img_ext090.tif,test,87.0,115.0
img_ext090.tif,test,88.0,26.0
img_ext090.tif,test,88.0,70.0
img_ext090.tif,test,91.0,40.0
img_ext090.tif,test,93.0,96.0
img_ext090.tif,test,95.0,81.0
img_ext090.tif,test,95.0,58.0
img_ext090.tif,test,96.0,122.0
img_ext090.tif,test,96.0,17.0
img_ext090.tif,test,96.0,107.0
img_ext090.tif,test,98.0,47.0
img_ext090.tif,test,102.0,34.0
img_ext090.tif,test,101.0,69.0
img_ext090.tif,test,105.0,116.0
img_ext090.tif,test,106.0,97.0
img_ext090.tif,test,108.0,58.0
img_ext090.tif,test,109.0,22.0
img_ext090.tif,test,109.0,45.0
img_ext090.tif,test,116.0,33.0
img_ext090.tif,test,122.0,8.0
img_ext090.tif,test,123.0,24.0
img_ext091.tif,test,4.0,30.0
img_ext091.tif,test,10.0,43.0
img_ext091.tif,test,18.0,54.0
img_ext091.tif,test,18.0,31.0
img_ext091.tif,test,36.0,97.0
img_ext091.tif,test,45.0,87.0
img_ext091.tif,test,51.0,99.0
img_ext091.tif,test,56.0,68.0
img_ext091.tif,test,59.0,87.0
img_ext091.tif,test,60.0,110.0
img_ext091.tif,test,64.0,97.0
img_ext091.tif,test,66.0,77.0
img_ext091.tif,test,74.0,108.0
img_ext091.tif,test,76.0,94.0
img_ext091.tif,test,79.0,42.0
img_ext091.tif,test,87.0,63.0
img_ext091.tif,test,88.0,52.0
img_ext091.tif,test,92.0,37.0
img_ext091.tif,test,102.0,65.0
img_ext091.tif,test,108.0,58.0
img_ext091.tif,test,110.0,76.0
img_ext091.tif,test,117.0,86.0
img_ext091.tif,test,118.0,104.0
img_ext091.tif,test,119.0,55.0
img_ext091.tif,test,120.0,117.0
img_ext091.tif,test,123.0,69.0
img_ext092.tif,test,12.0,18.0
img_ext092.tif,test,11.0,32.0
img_ext092.tif,test,16.0,8.0
img_ext092.tif,test,25.0,47.0
img_ext092.tif,test,31.0,6.0
img_ext092.tif,test,38.0,50.0
img_ext092.tif,test,46.0,81.0
img_ext092.tif,test,49.0,41.0
img_ext092.tif,test,53.0,54.0
img_ext092.tif,test,53.0,69.0
img_ext092.tif,test,56.0,30.0
img_ext092.tif,test,56.0,94.0
img_ext092.tif,test,60.0,81.0
img_ext092.tif,test,61.0,44.0
img_ext092.tif,test,63.0,105.0
img_ext092.tif,test,65.0,57.0
img_ext092.tif,test,68.0,32.0
img_ext092.tif,test,70.0,91.0
img_ext092.tif,test,74.0,47.0
img_ext092.tif,test,77.0,81.0
img_ext092.tif,test,78.0,61.0
img_ext092.tif,test,79.0,102.0
img_ext092.tif,test,83.0,92.0
img_ext092.tif,test,88.0,56.0
img_ext092.tif,test,89.0,111.0
img_ext092.tif,test,91.0,84.0
img_ext092.tif,test,91.0,97.0
img_ext092.tif,test,91.0,67.0
img_ext092.tif,test,95.0,45.0
img_ext092.tif,test,98.0,76.0
img_ext092.tif,test,100.0,56.0
img_ext092.tif,test,103.0,66.0
img_ext092.tif,test,105.0,87.0
img_ext092.tif,test,107.0,43.0
img_ext092.tif,test,111.0,54.0
img_ext092.tif,test,111.0,76.0
img_ext092.tif,test,118.0,65.0
img_ext092.tif,test,118.0,88.0
img_ext092.tif,test,121.0,49.0
img_ext092.tif,test,122.0,42.0
img_ext093.tif,test,6.0,40.0
img_ext093.tif,test,11.0,27.0
img_ext093.tif,test,14.0,51.0
img_ext093.tif,test,16.0,39.0
img_ext093.tif,test,23.0,19.0
img_ext093.tif,test,25.0,73.0
img_ext093.tif,test,27.0,29.0
img_ext093.tif,test,28.0,43.0
img_ext093.tif,test,38.0,22.0
img_ext093.tif,test,45.0,10.0
img_ext093.tif,test,46.0,31.0
img_ext093.tif,test,51.0,18.0
img_ext093.tif,test,51.0,41.0
img_ext093.tif,test,61.0,30.0
img_ext093.tif,test,65.0,43.0
img_ext093.tif,test,72.0,75.0
img_ext093.tif,test,83.0,71.0
img_ext093.tif,test,83.0,86.0
img_ext093.tif,test,87.0,19.0
img_ext093.tif,test,95.0,66.0
img_ext093.tif,test,96.0,81.0
img_ext093.tif,test,106.0,75.0
img_ext093.tif,test,115.0,65.0
img_ext093.tif,test,121.0,76.0
img_ext094.tif,test,57.0,27.0
img_ext094.tif,test,68.0,32.0
img_ext094.tif,test,68.0,45.0
img_ext094.tif,test,72.0,92.0
img_ext094.tif,test,77.0,12.0
img_ext094.tif,test,76.0,58.0
img_ext094.tif,test,76.0,104.0
img_ext094.tif,test,79.0,79.0
img_ext094.tif,test,81.0,45.0
img_ext094.tif,test,82.0,32.0
img_ext094.tif,test,83.0,68.0
img_ext094.tif,test,83.0,87.0
img_ext094.tif,test,86.0,121.0
img_ext094.tif,test,89.0,97.0
img_ext094.tif,test,91.0,111.0
img_ext094.tif,test,93.0,50.0
img_ext094.tif,test,92.0,80.0
img_ext094.tif,test,97.0,9.0
img_ext094.tif,test,99.0,60.0
img_ext094.tif,test,99.0,90.0
img_ext094.tif,test,103.0,70.0
img_ext094.tif,test,102.0,104.0
img_ext094.tif,test,104.0,118.0
img_ext094.tif,test,106.0,5.0
img_ext094.tif,test,110.0,61.0
img_ext094.tif,test,114.0,77.0
img_ext094.tif,test,115.0,103.0
img_ext094.tif,test,118.0,118.0
img_ext094.tif,test,119.0,52.0
img_ext094.tif,test,122.0,66.0
img_ext095.tif,test,4.0,15.0
img_ext095.tif,test,16.0,20.0
img_ext095.tif,test,22.0,6.0
img_ext095.tif,test,28.0,14.0
img_ext095.tif,test,34.0,123.0
img_ext095.tif,test,40.0,111.0
img_ext095.tif,test,48.0,123.0
img_ext095.tif,test,49.0,38.0
img_ext095.tif,test,50.0,104.0
img_ext095.tif,test,59.0,29.0
img_ext095.tif,test,60.25,73.0
img_ext095.tif,test,60.0,9.0
img_ext095.tif,test,62.0,44.0
img_ext095.tif,test,62.0,124.0
img_ext095.tif,test,69.0,22.0
img_ext095.tif,test,70.0,113.0
img_ext095.tif,test,72.0,35.0
img_ext095.tif,test,73.0,99.0
img_ext095.tif,test,77.0,70.0
img_ext095.tif,test,79.0,122.0
img_ext095.tif,test,82.0,26.0
img_ext095.tif,test,84.0,102.0
img_ext095.tif,test,88.0,43.0
img_ext095.tif,test,90.0,115.0
img_ext095.tif,test,100.0,80.0
img_ext095.tif,test,99.5,64.5
img_ext095.tif,test,113.0,19.0
img_ext095.tif,test,116.0,82.0
img_ext095.tif,test,118.0,95.0
img_ext096.tif,test,5.0,88.0
img_ext096.tif,test,11.0,75.0
img_ext096.tif,test,35.0,60.0
img_ext096.tif,test,36.0,80.0
img_ext096.tif,test,45.0,70.0
img_ext096.tif,test,45.0,5.0
img_ext096.tif,test,49.0,57.0
img_ext096.tif,test,71.0,47.0
img_ext096.tif,test,82.0,39.0
img_ext096.tif,test,88.0,15.0
img_ext096.tif,test,98.0,5.0
img_ext096.tif,test,99.0,30.0
img_ext096.tif,test,103.0,18.0
img_ext096.tif,test,116.0,14.0
img_ext097.tif,test,9.0,56.0
img_ext097.tif,test,11.0,42.0
img_ext097.tif,test,10.0,89.0
img_ext097.tif,test,13.0,70.0
img_ext097.tif,test,19.0,28.0
img_ext097.tif,test,21.0,50.0
img_ext097.tif,test,21.0,97.0
img_ext097.tif,test,22.0,38.0
img_ext097.tif,test,22.0,62.0
img_ext097.tif,test,23.0,83.0
img_ext097.tif,test,24.0,8.0
img_ext097.tif,test,32.0,30.0
img_ext097.tif,test,32.0,44.0
img_ext097.tif,test,37.0,6.0
img_ext097.tif,test,44.0,31.0
img_ext097.tif,test,45.0,123.0
img_ext097.tif,test,47.0,18.0
img_ext097.tif,test,46.0,44.0
img_ext097.tif,test,51.0,6.0
img_ext097.tif,test,53.0,114.0
img_ext097.tif,test,56.0,49.0
img_ext097.tif,test,56.0,37.0
img_ext097.tif,test,57.0,100.0
img_ext097.tif,test,58.0,24.0
img_ext097.tif,test,62.0,13.0
img_ext097.tif,test,67.0,113.0
img_ext097.tif,test,67.0,99.0
img_ext097.tif,test,71.0,20.0
img_ext097.tif,test,72.0,6.0
img_ext097.tif,test,73.0,33.0
img_ext097.tif,test,82.0,9.0
img_ext097.tif,test,83.0,48.0
img_ext097.tif,test,84.0,25.0
img_ext097.tif,test,94.0,5.0
img_ext097.tif,test,97.0,29.0
img_ext097.tif,test,99.0,44.0
img_ext097.tif,test,109.0,8.0
img_ext098.tif,test,5.0,30.0
img_ext098.tif,test,5.0,16.0
img_ext098.tif,test,6.0,120.0
img_ext098.tif,test,12.0,49.0
img_ext098.tif,test,11.0,74.0
img_ext098.tif,test,15.0,37.0
img_ext098.tif,test,16.0,88.0
img_ext098.tif,test,17.0,23.0
img_ext098.tif,test,19.0,65.0
img_ext098.tif,test,20.0,11.0
img_ext098.tif,test,23.0,77.0
img_ext098.tif,test,22.0,93.0
img_ext098.tif,test,27.0,44.0
img_ext098.tif,test,28.0,31.0
img_ext098.tif,test,29.0,20.0
img_ext098.tif,test,30.0,58.0
img_ext098.tif,test,33.0,9.0
img_ext098.tif,test,33.0,88.0
img_ext098.tif,test,37.0,76.0
img_ext098.tif,test,40.0,40.0
img_ext098.tif,test,44.0,53.0
img_ext098.tif,test,47.0,66.0
img_ext098.tif,test,50.0,11.0
img_ext098.tif,test,57.0,33.0
img_ext098.tif,test,59.0,19.0
img_ext098.tif,test,69.0,28.0
img_ext098.tif,test,81.0,33.0
img_ext098.tif,test,115.0,73.0
img_ext099.tif,test,5.0,104.0
img_ext099.tif,test,8.0,115.0
img_ext099.tif,test,15.0,95.0
img_ext099.tif,test,16.0,82.0
img_ext099.tif,test,18.0,32.0
img_ext099.tif,test,23.0,4.0
img_ext099.tif,test,27.0,92.0
img_ext099.tif,test,29.0,105.0
img_ext099.tif,test,38.0,4.0
img_ext099.tif,test,39.0,37.0
img_ext099.tif,test,38.0,73.0
img_ext099.tif,test,39.0,115.0
img_ext099.tif,test,43.0,86.0
img_ext099.tif,test,42.0,101.0
img_ext099.tif,test,45.0,45.0
img_ext099.tif,test,44.0,57.0
img_ext099.tif,test,49.0,16.0
img_ext099.tif,test,52.0,75.0
img_ext099.tif,test,53.0,29.0
img_ext099.tif,test,54.0,97.0
img_ext099.tif,test,56.0,47.0
img_ext099.tif,test,56.0,83.0
img_ext099.tif,test,66.0,86.0
img_ext099.tif,test,70.0,76.0
img_ext099.tif,test,69.0,95.0
img_ext099.tif,test,75.0,56.0
img_ext099.tif,test,78.0,66.0
img_ext099.tif,test,88.0,64.0
img_ext099.tif,test,91.0,74.0
img_ext099.tif,test,95.0,51.0
img_ext099.tif,test,103.0,68.0
img_ext099.tif,test,108.0,56.0
img_ext099.tif,test,110.0,26.0
img_ext099.tif,test,111.0,69.0
img_ext099.tif,test,113.0,41.0
img_ext099.tif,test,118.0,30.0
